 ,Area,XM,YM,Major,Minor,Angle
1,344,17.041,5.555,33.046,13.254,5.897
2,105,85.338,2.871,22.376,5.975,173.516
3,387,148.593,6.611,34.312,14.361,178.234
4,163,658.696,2.218,39.766,5.219,0.263
5,33527,869.496,195.889,280.322,152.282,61.588
6,256,817.297,142.695,20.420,15.962,78.178
7,206,833.500,161.490,23.829,11.007,90.351
8,210,769.867,201.400,21.552,12.406,115.895
9,195,753.310,210.879,23.148,10.726,166.566
10,35,1.357,217.414,16.278,2.738,85.927
11,18,99.833,227.389,7.503,3.055,168.746
12,45,80.589,235.744,9.823,5.833,66.258
13,48,446.688,249.396,9.631,6.346,106.191
14,922,243.905,279.740,36.019,32.592,3.724
15,220,20.873,264.268,27.190,10.302,26.372
16,30,81.167,257.700,9.239,4.134,163.210
17,30,3.900,262.900,10.639,3.590,45.615
18,254,361.000,269.386,25.258,12.804,131.641
19,476,200.750,278.605,26.161,23.166,107.992
20,109,300.693,274.060,12.176,11.398,75.500
21,31,616.984,271.629,10.673,3.698,31.138
22,111,176.203,278.203,15.513,9.111,47.006
23,102,12.049,280.696,19.175,6.773,14.073
24,209,65.237,286.572,57.040,4.665,178.637
25,16,234.000,290.000,15.766,1.292,95.392
26,106,250.962,288.519,14.152,9.536,144.601
27,201,282.629,294.893,20.757,12.330,41.012
28,16,635.562,297.188,7.407,2.750,157.336
29,375,17.807,5.788,34.304,13.919,6.849
30,100,82.510,2.730,25.971,4.903,172.665
31,65,131.192,2.962,14.452,5.727,164.785
32,320,154.603,6.450,27.401,14.869,10.796
33,153,192.232,8.559,18.530,10.513,79.616
34,120,834.550,5.725,17.281,8.841,175.481
35,33172,869.268,197.564,279.607,151.054,60.934
36,205,814.973,141.432,17.085,15.277,91.296
37,61,826.500,170.795,24.805,3.131,103.945
38,402,760.709,205.677,36.093,14.181,13.586
39,25,39.860,198.620,6.536,4.870,28.565
40,18,779.222,218.389,11.301,2.028,172.930
41,15,748.233,226.567,8.783,2.174,166.005
42,61,526.533,240.943,16.050,4.839,157.263
43,410,256.080,269.015,28.467,18.338,158.629
44,153,358.395,265.657,16.872,11.546,171.296
45,53,494.896,267.349,17.141,3.937,63.095
46,924,208.329,280.931,41.427,28.399,1.550
47,131,299.538,276.416,14.394,11.588,38.929
48,43,638.872,275.244,9.745,5.618,98.402
49,79,14.791,279.778,21.020,4.785,176.924
50,449,269.008,295.785,37.870,15.096,178.235
51,157,58.029,287.003,52.902,3.779,175.474
52,75,230.153,295.940,17.119,5.578,89.437
53,22,719.500,292.136,15.977,1.753,175.528
54,132,66.909,299.917,17.254,9.741,9.191
55,393,17.279,5.782,37.129,13.477,7.464
56,26,58.962,1.000,15.447,2.143,179.363
57,813,161.319,5.768,81.105,12.763,179.195
58,106,274.783,1.858,31.339,4.307,0.029
59,269,657.920,5.441,28.458,12.036,9.487
60,202,827.223,5.243,32.946,7.807,169.286
61,35920,864.824,196.809,288.420,158.570,59.531
62,21,689.929,8.690,11.110,2.407,167.129
63,364,816.159,140.511,26.178,17.704,50.424
64,184,830.272,163.413,25.260,9.275,89.203
65,50,750.800,233.420,11.425,5.572,58.832
66,49,356.051,245.337,10.404,5.996,51.641
67,65,325.762,258.254,16.153,5.124,118.296
68,1651,223.604,277.238,71.925,29.227,10.536
69,368,361.337,273.812,29.739,15.756,104.065
70,287,309.023,273.092,26.330,13.878,178.634
71,32,167.031,265.562,15.083,2.701,175.366
72,26,88.846,267.923,13.656,2.424,17.123
73,92,539.500,274.761,13.933,8.407,157.987
74,130,628.508,272.946,25.882,6.395,176.264
75,246,93.008,282.061,22.581,13.871,9.425
76,102,172.216,281.108,14.662,8.857,23.847
77,525,268.818,295.071,39.091,17.100,177.954
78,32,331.594,283.656,11.241,3.624,165.349
79,125,50.020,286.388,40.857,3.895,172.223
80,17,240.618,296.559,7.792,2.778,15.648
81,359,16.918,5.458,35.572,12.850,7.832
82,50,76.080,2.380,11.601,5.488,1.247
83,872,152.810,5.922,89.834,12.359,178.445
84,74,278.527,1.554,27.484,3.428,0.843
85,25,426.340,1.220,11.473,2.774,173.177
86,102,649.078,1.863,28.269,4.594,0.916
87,66,812.636,1.788,18.836,4.461,178.246
88,36302,864.082,196.126,287.975,160.504,59.594
89,30,876.967,107.267,16.153,2.365,172.209
90,299,817.574,142.988,25.915,14.690,60.616
91,51,780.304,178.186,8.615,7.538,162.558
92,20,737.350,195.150,5.871,4.338,89.141
93,65,1.915,222.023,19.770,4.186,95.995
94,101,522.134,242.787,16.838,7.637,7.273
95,118,358.102,247.441,15.360,9.781,115.495
96,1554,226.367,276.589,71.129,27.817,13.524
97,133,657.485,253.861,26.865,6.303,177.278
98,374,14.690,272.176,27.830,17.111,49.383
99,45,74.856,260.656,7.892,7.260,84.213
100,318,359.664,273.440,32.402,12.496,94.086
101,64,87.922,264.734,9.871,8.255,41.498
102,101,632.500,271.668,14.303,8.991,148.575
103,333,77.869,285.098,37.800,11.217,6.539
104,152,175.151,276.066,18.362,10.540,54.684
105,675,275.270,292.777,52.638,16.327,23.150
106,121,318.103,272.822,15.886,9.698,12.884
107,39,613.244,272.859,15.745,3.154,8.996
108,18,302.167,290.000,9.077,2.525,6.209
109,57,101.518,299.254,13.475,5.386,48.712
110,15,240.300,297.433,7.873,2.426,18.740
111,359,16.475,5.519,34.614,13.205,8.470
112,43,53.407,0.895,26.733,2.048,1.071
113,102,82.961,2.971,23.027,5.640,172.272
114,581,139.710,5.620,61.078,12.112,177.531
115,50,214.540,1.660,17.981,3.540,1.607
116,85,277.935,1.876,26.920,4.020,179.604
117,269,654.303,8.028,20.482,16.722,24.213
118,219,833.349,7.568,22.152,12.588,149.503
119,37599,861.996,195.675,293.141,163.309,58.663
120,354,816.172,140.441,23.678,19.036,56.545
121,102,44.804,223.814,18.327,7.086,156.716
122,271,72.149,242.946,27.389,12.598,44.945
123,47,21.904,242.287,12.323,4.856,96.534
124,23,108.674,245.022,13.749,2.130,3.787
125,28,321.464,254.893,11.628,3.066,92.032
126,37,50.446,250.878,12.817,3.676,0.021
127,1800,219.953,277.787,80.754,28.380,7.649
128,391,362.152,269.257,33.406,14.903,149.095
129,364,309.670,272.580,27.119,17.090,179.828
130,49,330.704,261.765,10.720,5.820,33.102
131,89,78.646,264.871,16.235,6.980,7.035
132,27,102.907,262.500,6.901,4.982,32.375
133,149,10.413,268.319,17.533,10.820,0.091
134,486,78.317,290.064,39.373,15.716,25.976
135,116,620.009,273.276,21.327,6.925,2.916
136,62,152.371,272.758,15.438,5.113,179.418
137,545,275.115,295.129,38.579,17.987,18.256
138,260,19.973,281.615,42.986,7.701,172.310
139,53,238.915,287.934,11.835,5.702,127.013
140,27,309.389,292.278,6.775,5.074,109.204
141,351,16.494,5.842,32.508,13.747,4.810
142,118,83.051,3.059,24.410,6.155,2.915
143,141,120.699,2.890,26.177,6.858,175.382
144,367,153.554,6.565,30.460,15.341,6.524
145,197,194.490,7.414,19.448,12.897,44.469
146,63,278.325,1.944,20.678,3.879,179.532
147,171,649.775,8.465,19.150,11.369,108.480
148,65,816.208,1.838,20.714,3.995,175.236
149,162,834.667,8.086,14.805,13.932,2.540
150,34921,866.391,196.310,283.871,156.630,60.545
151,282,818.227,142.677,21.881,16.410,128.908
152,21,760.595,185.643,6.532,4.094,60.117
153,30,9.967,218.967,12.545,3.045,80.198
154,111,523.086,241.338,15.457,9.143,163.231
155,79,67.361,245.146,10.823,9.294,47.561
156,36,51.111,250.806,11.889,3.855,177.967
157,537,251.859,269.666,32.854,20.811,168.210
158,106,656.491,254.236,23.110,5.840,179.218
159,49,328.439,259.378,15.357,4.063,164.793
160,294,361.779,272.381,27.404,13.660,96.738
161,166,301.084,272.958,18.536,11.403,64.055
162,910,200.577,281.546,52.513,22.064,163.658
163,152,11.730,279.454,20.318,9.525,171.418
164,63,149.833,272.024,16.001,5.013,176.022
165,55,614.882,272.973,14.392,4.866,10.652
166,75,540.740,274.700,14.816,6.445,163.856
167,497,272.365,295.226,38.441,16.462,15.017
168,216,68.810,286.407,59.411,4.629,179.250
169,169,66.896,299.435,18.958,11.350,5.538
170,33,206.985,300.227,8.113,5.179,36.113
171,445,22.381,5.408,46.658,12.144,5.326
172,246,90.659,3.350,40.074,7.816,0.406
173,771,166.649,6.180,75.071,13.077,0.952
174,89,280.028,1.983,26.224,4.321,0.907
175,135,650.241,2.811,26.285,6.539,0.561
176,322,830.848,6.963,33.546,12.221,161.975
177,38725,860.608,195.081,296.279,166.418,58.794
178,18,689.278,7.556,11.523,1.989,179.113
179,62,858.597,26.968,10.528,7.498,134.718
180,411,745.729,202.882,23.960,21.841,162.876
181,106,3.660,221.670,18.667,7.230,102.134
182,57,285.518,211.605,10.410,6.971,75.169
183,142,46.859,223.169,15.410,11.733,143.985
184,21,520.595,226.357,10.228,2.614,7.682
185,40,726.600,232.150,11.085,4.594,11.156
186,183,78.407,238.019,27.547,8.459,8.549
187,114,445.781,246.912,18.814,7.715,110.125
188,2426,221.606,278.032,89.312,34.585,11.953
189,107,50.481,247.958,13.077,10.418,90.631
190,616,359.847,268.357,39.826,19.694,101.466
191,164,656.207,254.287,27.345,7.636,169.444
192,203,80.702,263.712,19.555,13.217,22.944
193,1150,40.424,283.531,65.867,22.230,165.814
194,108,109.620,264.065,16.378,8.396,0.486
195,112,149.893,268.571,13.977,10.203,89.218
196,31,609.758,268.952,12.938,3.051,94.100
197,249,315.018,270.504,23.673,13.393,150.064
198,191,628.353,271.699,21.783,11.164,0.154
199,90,540.089,274.944,12.658,9.053,158.188
200,175,295.060,277.431,25.587,8.708,26.092
201,71,94.303,276.852,11.122,8.128,2.723
202,731,272.845,294.835,55.728,16.701,175.322
203,99,342.924,298.995,14.684,8.585,154.789
204,56,726.000,302.786,24.692,2.888,0.000
205,291,18.356,3.933,40.091,9.242,1.916
206,179,91.327,2.846,33.577,6.788,179.759
207,369,151.191,5.812,33.898,13.860,176.755
208,207,192.877,7.051,18.123,14.543,27.655
209,46,280.783,1.000,25.699,2.279,179.236
210,18,426.111,0.778,12.551,1.826,177.959
211,115,654.274,2.022,30.797,4.754,1.694
212,159,833.865,7.865,16.059,12.606,155.337
213,33807,868.530,195.996,279.606,153.946,61.229
214,25,16.500,11.860,14.187,2.244,172.601
215,271,818.408,140.205,25.515,13.524,80.461
216,50,1.120,220.540,26.637,2.390,91.440
217,68,522.397,241.294,11.950,7.245,40.482
218,33,25.197,241.985,12.087,3.476,158.548
219,54,49.537,246.481,12.656,5.433,64.291
220,81,26.858,257.673,15.524,6.643,102.667
221,146,656.952,254.432,22.152,8.392,166.557
222,354,255.110,268.667,28.192,15.988,124.366
223,25,321.300,253.860,8.916,3.570,92.595
224,157,12.373,266.723,19.075,10.480,174.863
225,267,360.148,273.399,30.354,11.200,91.142
226,772,209.188,283.222,38.240,25.705,151.101
227,25,146.980,269.620,8.363,3.806,89.274
228,135,316.004,274.419,15.417,11.149,57.354
229,166,296.843,277.307,19.412,10.888,16.183
230,175,24.414,282.329,50.779,4.388,170.645
231,56,247.768,284.679,11.886,5.999,8.162
232,83,91.199,286.705,29.377,3.597,9.236
233,24,703.042,286.792,7.622,4.009,61.285
234,50,65.220,288.500,16.486,3.861,176.306
235,388,270.235,296.647,39.959,12.363,7.915
236,417,18.958,6.248,36.226,14.656,1.396
237,53,54.160,1.330,22.595,2.987,0.557
238,221,90.002,3.038,39.483,7.127,2.264
239,414,148.362,6.155,38.697,13.622,175.698
240,287,197.294,6.044,29.545,12.368,11.811
241,88,277.659,2.045,28.558,3.923,1.235
242,260,657.912,4.269,32.739,10.112,5.002
243,197,838.206,7.160,18.831,13.320,13.800
244,35997,865.267,196.530,291.052,157.473,59.817
245,408,818.429,142.412,27.086,19.179,1.401
246,491,772.078,204.781,29.436,21.238,133.305
247,225,748.491,213.144,20.496,13.977,129.340
248,79,2.930,220.082,17.631,5.705,97.481
249,28,49.107,218.321,10.764,3.312,176.074
250,68,445.397,248.015,20.282,4.269,101.871
251,81,524.130,240.821,15.281,6.749,168.413
252,251,23.480,257.831,28.600,11.174,61.596
253,85,360.547,248.359,14.633,7.396,125.587
254,59,58.500,250.178,14.817,5.070,31.938
255,347,318.215,272.961,24.913,17.735,84.509
256,130,655.754,254.000,24.230,6.831,176.636
257,459,361.646,272.984,30.321,19.274,123.023
258,2368,240.557,282.301,91.035,33.119,175.459
259,91,70.192,265.973,17.625,6.574,36.010
260,150,621.633,271.933,21.003,9.093,32.370
261,330,75.267,284.015,42.650,9.852,5.888
262,146,174.507,277.856,18.936,9.817,36.233
263,57,540.535,274.658,13.948,5.203,162.519
264,146,13.363,280.411,22.729,8.179,174.865
265,33,337.015,283.712,11.508,3.651,1.184
266,73,337.692,294.432,14.912,6.233,148.173
267,176,68.153,299.744,20.721,10.815,7.560
268,321,16.771,5.332,31.405,13.014,6.974
269,16,50.000,0.500,18.054,1.128,0.000
270,313,150.666,5.819,28.060,14.203,176.826
271,215,189.612,6.951,20.747,13.195,156.197
272,55,214.827,1.536,19.346,3.620,3.050
273,71,279.246,2.204,21.508,4.203,176.531
274,93,649.586,2.640,19.765,5.991,4.329
275,57,673.553,2.430,15.008,4.836,7.537
276,174,841.529,6.764,26.067,8.499,175.562
277,33262,870.137,195.926,280.265,151.109,61.664
278,34,882.029,106.618,11.995,3.609,88.875
279,250,817.552,141.880,20.464,15.554,113.132
280,228,834.583,164.197,21.531,13.483,79.425
281,238,770.508,203.143,22.991,13.180,122.340
282,107,750.537,209.379,16.073,8.476,160.909
283,23,112.891,241.283,8.329,3.516,72.111
284,90,523.800,242.167,15.335,7.472,6.113
285,1046,223.231,275.937,65.456,20.347,8.649
286,333,360.467,273.563,27.873,15.211,101.667
287,54,108.222,261.963,10.425,6.595,139.329
288,85,633.135,272.418,14.437,7.496,133.305
289,61,284.090,266.926,16.967,4.578,163.356
290,48,6.438,269.667,9.592,6.371,177.014
291,287,313.695,276.016,29.210,12.510,169.669
292,52,94.615,277.173,9.568,6.919,162.278
293,87,172.615,280.914,12.226,9.060,16.098
294,80,10.988,280.262,21.728,4.688,174.434
295,162,59.938,286.963,51.830,3.980,175.835
296,441,273.364,296.602,39.928,14.063,8.435
297,361,17.558,5.458,35.334,13.008,5.489
298,28,57.000,1.071,14.287,2.495,2.698
299,222,90.770,3.667,35.841,7.887,179.186
300,670,161.728,6.319,65.086,13.107,177.592
301,60,214.783,1.500,22.075,3.461,0.105
302,259,655.697,7.431,21.684,15.208,23.821
303,35230,865.399,196.991,284.435,157.703,58.988
304,61,858.484,9.041,11.877,6.539,142.526
305,320,819.525,143.494,25.552,15.946,153.020
306,151,745.334,202.487,18.794,10.230,107.454
307,49,1.255,219.010,21.835,2.857,89.842
308,16,36.562,218.438,7.476,2.725,17.556
309,64,749.672,227.234,20.045,4.065,6.401
310,103,57.189,248.859,16.337,8.027,28.714
311,144,253.583,262.924,15.662,11.707,5.160
312,378,358.418,271.725,28.757,16.736,111.942
313,660,254.517,284.167,40.744,20.625,128.852
314,250,310.896,273.644,29.148,10.920,3.157
315,176,173.665,277.705,20.884,10.730,38.463
316,699,206.848,286.356,41.933,21.224,147.487
317,60,282.000,276.200,11.709,6.524,109.920
318,46,541.043,274.848,8.652,6.770,131.036
319,113,628.580,273.146,31.125,4.623,2.055
320,297,42.120,284.278,70.155,5.390,171.935
321,21,296.119,282.548,17.669,1.513,1.204
322,58,344.483,287.810,15.266,4.837,174.806
323,21,242.786,294.500,8.302,3.221,102.775
324,187,286.233,293.618,23.723,10.036,13.634
325,440,19.816,5.775,40.087,13.975,7.342
326,221,93.568,3.034,40.058,7.024,178.400
327,513,147.178,6.373,42.696,15.298,178.662
328,242,189.868,7.583,19.566,15.748,134.912
329,83,278.608,2.187,21.707,4.868,0.996
330,391,654.613,6.497,31.786,15.662,3.681
331,39716,859.116,193.689,297.642,169.895,59.556
332,83,839.235,112.910,13.126,8.051,47.034
333,42,869.429,114.905,8.498,6.292,178.868
334,332,742.922,205.506,21.522,19.641,117.125
335,67,2.813,221.679,15.319,5.569,104.684
336,135,78.256,233.804,20.429,8.414,53.726
337,37,33.041,232.473,8.821,5.341,131.028
338,69,6.688,240.891,12.626,6.958,66.403
339,160,523.150,242.137,17.976,11.333,170.111
340,695,359.156,267.792,39.535,22.383,102.666
341,1219,41.480,278.543,61.633,25.183,162.892
342,57,108.254,245.482,13.694,5.300,3.641
343,54,446.056,251.167,13.628,5.045,99.330
344,3766,245.940,281.393,126.397,37.936,179.245
345,190,655.879,255.132,22.418,10.791,169.196
346,56,495.393,265.554,14.195,5.023,59.483
347,36,60.639,264.139,8.995,5.096,61.345
348,134,151.985,271.373,16.886,10.104,152.990
349,41,388.890,268.354,9.870,5.289,15.557
350,106,644.613,273.132,20.161,6.694,12.985
351,49,615.276,273.092,15.738,3.964,179.894
352,45,144.344,283.544,10.491,5.462,173.993
353,40,399.500,289.725,8.371,6.084,58.907
354,91,508.577,299.522,13.334,8.690,46.291
355,35,89.214,299.214,8.515,5.233,157.057
356,290,17.607,4.500,33.396,11.057,0.997
357,77,84.344,3.136,21.531,4.553,172.708
358,389,150.294,5.940,38.024,13.026,0.812
359,192,195.307,7.135,20.301,12.042,32.454
360,60,281.767,1.467,22.118,3.454,176.867
361,181,650.981,6.157,16.183,14.241,27.539
362,54,672.648,3.500,10.538,6.525,7.606
363,106,832.009,5.660,18.900,7.141,157.779
364,33082,870.199,196.553,278.810,151.076,61.859
365,263,817.211,142.329,19.850,16.870,92.976
366,219,769.879,202.824,18.657,14.945,111.488
367,139,747.550,204.730,15.093,11.726,58.164
368,33,705.530,228.894,8.958,4.690,8.672
369,67,525.396,240.470,13.013,6.556,157.584
370,59,445.686,246.551,18.179,4.132,106.961
371,344,360.451,269.009,34.715,12.617,99.780
372,33,48.924,252.015,6.694,6.277,131.462
373,132,655.841,253.705,25.076,6.702,173.322
374,402,256.060,268.147,28.988,17.657,128.494
375,198,10.111,270.899,16.980,14.847,37.355
376,21,344.452,258.976,7.042,3.797,110.711
377,200,298.395,275.430,22.832,11.153,51.678
378,769,201.103,282.902,46.343,21.128,165.346
379,137,52.573,286.704,38.327,4.551,172.604
380,74,90.500,286.676,27.679,3.404,6.594
381,383,272.779,297.829,39.998,12.192,11.796
382,32,736.281,293.406,7.142,5.705,35.663
383,383,17.148,5.816,35.331,13.802,6.174
384,237,87.331,2.458,50.134,6.019,179.312
385,439,147.222,5.987,41.390,13.505,178.306
386,276,192.043,6.478,23.409,15.012,1.017
387,90,280.956,2.100,26.706,4.291,178.479
388,307,658.213,6.520,27.768,14.077,13.042
389,37244,863.143,194.184,290.674,163.140,60.394
390,26,31.077,13.115,6.858,4.827,175.323
391,367,817.037,140.857,25.978,17.988,29.934
392,55,809.355,159.864,12.120,5.778,157.900
393,19,753.711,186.395,10.969,2.206,170.882
394,54,1.259,217.685,23.166,2.968,89.606
395,15,744.300,216.233,7.884,2.423,22.804
396,105,90.490,233.567,14.097,9.484,25.469
397,36,20.389,237.028,10.472,4.377,128.014
398,54,111.630,240.370,15.741,4.368,123.623
399,104,521.038,242.394,17.760,7.456,20.718
400,40,80.800,249.300,11.433,4.455,150.160
401,521,360.024,267.588,37.824,17.538,101.178
402,146,654.973,253.548,25.232,7.367,172.713
403,2032,241.036,282.293,71.480,36.195,173.876
404,455,311.909,275.693,30.049,19.279,3.062
405,437,16.434,270.077,33.189,16.765,45.770
406,192,82.188,261.250,24.626,9.927,15.556
407,17,290.088,260.971,10.459,2.070,103.235
408,54,133.593,274.241,13.136,5.234,109.057
409,16,381.062,265.188,5.932,3.434,152.863
410,384,183.865,277.448,33.330,14.669,8.699
411,94,539.553,274.074,17.376,6.888,166.735
412,106,615.566,273.660,22.722,5.940,1.024
413,29,677.259,277.190,7.125,5.182,105.005
414,262,67.710,286.511,57.657,5.786,177.865
415,75,733.927,294.500,11.498,8.305,67.489
416,65,510.192,297.823,13.480,6.139,87.078
417,188,65.840,299.894,25.899,9.243,9.684
418,50,340.100,298.100,8.667,7.346,16.603
419,54,189.944,302.796,15.397,4.466,8.770
420,30,305.733,301.933,8.716,4.383,137.139
421,354,16.390,5.500,34.075,13.227,7.751
422,151,79.838,2.692,38.778,4.958,173.527
423,359,150.035,5.996,33.324,13.717,173.911
424,192,189.198,6.823,18.854,12.966,146.769
425,38,276.289,1.158,17.747,2.726,3.064
426,20,425.850,0.900,11.898,2.140,178.808
427,107,653.154,2.790,21.852,6.235,177.565
428,33533,868.084,197.851,280.623,152.145,60.494
429,25,897.260,73.260,11.796,2.699,100.118
430,128,889.891,89.914,16.432,9.918,52.343
431,231,834.513,163.193,21.844,13.464,88.879
432,48,780.396,177.604,8.516,7.176,89.348
433,208,766.942,202.212,17.085,15.501,144.284
434,117,749.098,207.526,13.581,10.969,125.650
435,96,789.740,212.490,13.490,9.061,87.909
436,104,522.962,242.750,17.024,7.778,4.814
437,15,698.700,247.500,6.404,2.982,118.276
438,391,255.628,268.321,29.046,17.140,140.548
439,127,654.988,253.854,25.581,6.321,176.743
440,324,360.611,273.448,28.202,14.628,105.703
441,35,5.014,264.014,8.249,5.402,155.319
442,273,308.438,272.482,25.475,13.645,4.503
443,858,212.083,282.358,38.647,28.267,0.320
444,155,176.919,276.203,22.375,8.820,32.040
445,46,543.304,277.130,11.201,5.229,179.724
446,39,327.808,285.449,13.450,3.692,33.160
447,60,40.917,285.083,21.253,3.595,170.908
448,109,69.931,288.399,30.818,4.503,175.751
449,416,272.644,296.642,37.821,14.005,9.591
450,150,68.393,299.333,19.657,9.716,18.424
451,364,16.962,5.643,34.579,13.403,7.561
452,290,85.893,3.014,50.007,7.384,179.452
453,716,162.087,6.542,66.519,13.705,178.437
454,20,224.750,2.750,6.429,3.961,124.467
455,94,279.436,1.872,28.416,4.212,179.815
456,19,425.711,0.763,13.552,1.785,177.949
457,156,648.455,10.333,25.761,7.710,123.770
458,156,664.628,2.763,30.074,6.605,2.993
459,291,830.905,6.885,29.064,12.748,162.659
460,36561,864.450,195.123,289.602,160.741,60.234
461,50,857.080,23.700,13.163,4.837,88.626
462,214,818.734,141.379,18.488,14.738,73.059
463,40,786.750,172.525,13.766,3.700,99.680
464,45,768.789,173.878,11.994,4.777,34.757
465,113,733.013,209.969,20.121,7.151,88.262
466,111,754.050,209.977,15.698,9.003,144.521
467,51,1.343,223.010,22.058,2.944,92.361
468,19,97.868,232.711,7.128,3.394,48.160
469,43,112.686,239.128,10.497,5.216,165.796
470,546,358.015,268.022,34.604,20.090,113.937
471,56,52.161,251.000,12.511,5.699,3.759
472,144,653.771,253.521,27.450,6.679,173.447
473,60,105.967,259.517,14.653,5.214,138.723
474,76,74.789,262.987,15.778,6.133,63.324
475,179,23.243,263.142,22.344,10.200,32.176
476,623,253.258,271.028,38.675,20.510,159.750
477,1001,211.083,283.680,42.095,30.277,160.604
478,62,283.984,267.145,12.700,6.216,171.757
479,41,628.134,269.939,13.543,3.855,62.248
480,73,613.637,272.349,13.996,6.641,16.513
481,1009,284.880,287.719,61.366,20.935,20.779
482,63,540.024,273.770,10.469,7.662,102.987
483,199,95.917,281.193,20.507,12.355,30.793
484,105,170.519,278.119,16.333,8.185,43.874
485,19,125.447,274.079,11.475,2.108,3.871
486,139,13.716,280.234,22.580,7.838,1.473
487,134,51.276,286.993,32.839,5.195,171.933
488,212,69.108,298.854,20.854,12.944,19.728
489,68,508.647,298.809,9.909,8.738,63.840
490,16,17.500,300.375,8.867,2.298,106.968
491,25,6.700,302.580,7.512,4.237,12.923
492,24,301.542,301.792,9.012,3.391,175.485
493,30,190.100,303.433,11.584,3.297,1.371
494,502,21.697,5.751,49.568,12.895,6.618
495,243,90.541,2.920,44.690,6.923,0.418
496,507,148.865,6.222,44.222,14.598,0.313
497,290,199.700,6.276,32.466,11.373,12.766
498,24,426.333,1.208,11.010,2.775,173.203
499,401,658.203,7.305,31.828,16.042,11.324
500,338,827.760,6.654,31.785,13.539,165.730
501,39956,857.766,195.580,297.830,170.814,57.024
502,73,839.760,114.021,11.932,7.789,33.208
503,70,791.314,169.257,12.903,6.907,61.021
504,189,8.034,217.526,18.124,13.278,76.715
505,73,49.568,223.911,10.227,9.088,91.644
506,68,70.588,239.162,14.832,5.837,131.142
507,150,521.827,240.967,16.379,11.661,6.874
508,91,444.808,244.852,17.248,6.718,112.737
509,47,8.394,241.989,10.314,5.802,172.363
510,1197,38.198,278.762,60.754,25.086,156.782
511,543,361.975,268.137,34.471,20.056,103.372
512,50,249.520,249.820,9.649,6.598,52.911
513,164,656.061,253.756,25.248,8.270,171.009
514,20,676.850,251.150,10.269,2.480,10.089
515,186,101.355,268.634,23.700,9.993,61.254
516,44,236.795,255.455,8.993,6.229,64.635
517,181,138.870,276.627,19.875,11.595,129.771
518,2842,230.117,282.096,99.098,36.515,176.290
519,82,495.085,268.073,17.557,5.947,67.340
520,149,79.493,264.983,17.691,10.724,0.610
521,452,304.900,273.604,32.565,17.672,13.174
522,34,35.176,274.618,8.742,4.952,124.965
523,101,542.817,273.797,17.402,7.390,165.130
524,194,626.737,273.423,38.512,6.414,0.589
525,96,326.583,283.010,12.197,10.021,41.705
526,87,306.983,291.098,13.879,7.981,46.017
527,35,341.786,284.243,17.764,2.509,6.511
528,46,639.065,300.130,9.272,6.317,119.747
529,71,729.035,303.077,23.279,3.883,2.262
530,30,180.467,303.433,14.245,2.681,0.572
531,68,297.176,303.912,35.550,2.435,179.267
532,335,18.604,4.551,39.279,10.859,1.971
533,146,97.062,2.979,30.004,6.196,4.251
534,394,153.520,5.701,35.957,13.951,1.882
535,194,194.057,7.577,19.709,12.533,42.258
536,60,277.767,1.567,22.762,3.356,177.821
537,145,657.390,2.024,41.082,4.494,1.643
538,25,808.860,1.460,10.439,3.049,171.856
539,121,833.508,7.128,14.128,10.905,144.247
540,33705,869.539,195.427,281.507,152.446,62.062
541,299,816.861,140.671,22.657,16.803,76.589
542,203,769.874,203.204,18.187,14.212,110.465
543,176,744.312,206.545,16.726,13.398,2.698
544,70,2.900,222.929,15.923,5.598,105.439
545,55,34.664,223.555,13.411,5.222,162.401
546,63,770.897,239.976,15.857,5.059,44.590
547,16,722.000,234.500,18.054,1.128,0.000
548,25,708.500,239.380,8.076,3.941,31.805
549,349,358.572,268.448,35.389,12.556,94.866
550,1338,225.643,276.984,67.903,25.089,13.471
551,146,301.473,273.527,16.614,11.189,83.760
552,31,617.048,272.952,11.835,3.335,14.556
553,185,173.781,277.814,20.952,11.242,25.608
554,38,536.763,273.184,9.012,5.369,175.971
555,139,7.903,281.500,16.618,10.650,16.421
556,45,736.100,282.744,8.202,6.986,38.415
557,140,52.579,286.714,43.361,4.111,172.279
558,457,271.084,295.563,39.465,14.744,10.069
559,96,91.469,287.010,25.351,4.821,9.244
560,175,69.717,300.374,21.637,10.298,8.871
561,342,17.056,5.389,33.917,12.839,6.643
562,91,84.126,2.687,22.761,5.091,174.711
563,404,149.884,5.894,39.301,13.088,1.310
564,58,280.017,1.569,21.192,3.485,177.272
565,156,656.500,2.141,39.447,5.035,0.776
566,139,833.558,5.536,23.370,7.573,166.827
567,33683,868.685,196.455,279.988,153.172,61.126
568,58,651.672,16.310,11.363,6.499,96.018
569,256,816.355,141.676,19.084,17.079,111.125
570,130,832.431,162.754,19.894,8.320,96.703
571,122,750.877,209.213,15.087,10.296,158.395
572,38,1.053,222.395,20.214,2.394,91.682
573,220,19.836,264.314,27.298,10.261,27.990
574,141,655.365,254.805,22.222,8.079,1.082
575,349,255.941,269.463,27.033,16.438,140.806
576,270,359.867,266.789,23.205,14.815,110.580
577,105,206.148,272.976,18.808,7.108,87.068
578,154,318.071,273.253,15.424,12.713,147.913
579,429,217.374,283.717,33.018,16.543,39.141
580,40,537.700,271.100,10.433,4.882,10.392
581,142,174.070,277.577,17.180,10.524,37.030
582,80,97.250,278.188,16.056,6.344,130.696
583,94,13.330,280.064,18.621,6.427,176.860
584,160,56.875,286.969,50.900,4.002,174.458
585,265,281.432,295.402,28.685,11.763,21.543
586,145,258.459,298.279,15.679,11.775,82.634
587,30,340.300,297.100,10.274,3.718,179.098
588,173,943.090,159.460,50.725,4.342,87.586
589,348,942.178,152.043,71.115,6.231,87.042
590,543,941.561,145.868,90.419,7.646,87.223
591,749,940.503,142.902,99.667,9.568,87.297
592,947,939.044,139.801,105.070,11.476,86.522
593,1081,937.235,138.400,109.095,12.616,85.633
594,1132,935.230,139.352,110.879,12.999,85.943
595,1118,932.981,142.027,110.701,12.859,87.068
596,1102,930.696,144.765,109.673,12.794,88.366
597,1072,928.637,147.521,108.051,12.632,89.669
598,1048,927.034,150.126,106.133,12.573,91.228
599,1072,924.998,152.575,106.810,12.779,92.882
600,1047,922.778,154.680,106.377,12.532,94.129
601,1065,920.735,155.905,107.417,12.624,95.258
602,1077,918.883,156.990,108.157,12.679,96.646
603,1070,916.739,157.636,107.843,12.633,98.052
604,1040,914.494,158.363,106.004,12.492,98.975
605,1020,912.483,158.181,105.674,12.290,99.809
606,998,910.196,157.258,104.542,12.155,100.660
607,1018,907.484,156.299,105.280,12.311,100.845
608,1018,904.574,153.621,105.330,12.306,100.502
609,1031,901.996,150.902,106.519,12.324,100.166
610,1035,899.245,147.662,106.917,12.326,99.435
611,1023,896.474,144.437,105.926,12.297,98.216
612,962,894.104,140.624,104.097,11.767,96.794
613,929,892.034,137.051,102.689,11.519,95.129
614,923,889.747,133.111,102.509,11.464,93.030
615,953,887.729,129.453,104.164,11.649,90.824
616,996,886.080,125.829,105.489,12.022,88.559
617,1021,884.595,123.062,106.394,12.219,86.227
618,1021,882.976,120.613,106.480,12.209,84.127
619,977,881.306,118.980,104.211,11.937,82.087
620,944,879.833,117.940,102.686,11.705,80.486
621,940,877.909,117.432,101.980,11.736,78.698
622,976,875.413,118.334,104.137,11.933,77.432
623,1003,873.017,119.478,106.110,12.035,76.643
624,1024,870.513,122.095,106.663,12.224,76.305
625,1003,867.628,125.405,106.927,11.943,76.517
626,972,864.611,129.429,104.977,11.789,77.237
627,943,862.039,134.063,103.002,11.657,78.453
628,911,859.644,138.950,102.079,11.363,80.345
629,934,857.236,143.854,102.406,11.613,82.490
630,973,855.283,149.116,104.844,11.816,84.852
631,1000,853.730,154.502,106.672,11.936,87.308
632,985,852.616,159.202,106.274,11.801,90.327
633,1013,851.616,164.047,106.606,12.099,93.516
634,996,850.736,167.971,105.477,12.023,96.443
635,925,850.130,170.754,102.068,11.539,99.505
636,898,849.164,173.016,101.177,11.301,102.367
637,937,847.710,173.822,102.645,11.623,104.754
638,969,845.817,173.690,103.620,11.907,106.687
639,989,843.639,172.760,105.101,11.981,108.074
640,992,840.979,170.702,105.237,12.002,109.208
641,972,837.647,167.533,104.346,11.860,109.398
642,940,834.310,163.617,102.495,11.677,108.934
643,889,830.873,158.558,100.998,11.207,108.059
644,925,827.419,153.069,102.050,11.541,105.973
645,958,824.242,146.837,103.805,11.751,103.199
646,999,821.755,140.458,105.423,12.065,100.182
647,996,819.787,133.947,106.178,11.944,96.826
648,988,818.283,127.518,105.555,11.918,93.218
649,965,817.529,121.920,103.872,11.829,89.906
650,908,816.988,116.945,102.157,11.317,86.147
651,945,816.550,113.326,102.683,11.718,82.347
652,941,816.009,109.979,102.835,11.651,78.858
653,950,815.279,107.954,103.905,11.641,75.926
654,966,814.106,107.386,104.587,11.760,73.357
655,979,812.245,107.846,104.949,11.877,71.148
656,929,810.005,109.411,102.850,11.501,69.742
657,901,807.259,112.305,101.529,11.299,69.145
658,897,803.955,116.213,101.469,11.256,69.079
659,932,800.168,121.409,103.562,11.458,69.818
660,960,796.354,127.800,105.729,11.561,71.289
661,982,793.156,134.476,107.145,11.669,73.591
662,1000,790.284,141.936,107.751,11.816,76.547
663,989,788.110,149.848,106.640,11.808,79.971
664,954,786.688,157.282,105.045,11.563,83.625
665,930,785.969,164.178,103.296,11.463,87.418
666,955,785.645,170.963,104.155,11.674,91.142
667,954,785.486,176.603,104.704,11.601,94.606
668,988,785.797,181.707,106.304,11.834,98.176
669,981,785.961,185.388,105.888,11.796,101.825
670,972,785.793,187.878,105.469,11.734,105.294
671,939,785.359,189.267,103.715,11.527,108.286
672,917,784.068,189.204,102.425,11.399,110.720
673,889,781.984,187.738,101.143,11.191,112.465
674,891,779.104,185.273,101.091,11.222,113.303
675,882,775.686,181.642,101.677,11.045,113.284
676,909,771.885,176.573,103.336,11.200,112.384
677,896,768.066,170.638,103.018,11.074,110.555
678,882,764.399,164.057,102.399,10.967,107.875
679,865,761.606,156.962,101.368,10.865,104.859
680,833,759.154,149.189,100.225,10.582,101.227
681,871,757.289,141.696,100.875,10.994,97.401
682,891,756.344,134.324,102.384,11.080,93.404
683,865,756.042,127.782,102.188,10.778,89.759
684,883,755.892,122.097,102.067,11.015,85.679
685,871,756.235,117.096,101.406,10.936,81.887
686,870,756.349,113.702,100.940,10.974,78.410
687,857,756.151,111.596,101.292,10.773,74.922
688,861,755.263,110.920,102.145,10.732,71.980
689,856,754.077,111.022,103.080,10.573,69.698
690,16,746.500,118.000,13.955,1.460,70.636
691,862,751.792,112.903,103.912,10.562,68.025
692,878,748.639,116.092,103.664,10.784,67.154
693,839,745.443,120.207,102.543,10.418,67.376
694,806,741.919,125.644,101.485,10.112,68.427
695,813,738.347,131.860,101.941,10.154,70.280
696,834,734.903,138.963,103.177,10.292,72.580
697,896,731.819,146.924,104.799,10.886,75.433
698,908,729.537,155.254,106.149,10.891,78.683
699,966,727.948,163.230,107.312,11.461,82.348
700,937,727.203,171.040,106.106,11.244,86.141
701,904,727.056,178.021,104.868,10.976,89.815
702,872,727.622,184.894,102.776,10.803,93.887
703,850,728.252,190.489,102.656,10.542,97.647
704,16,722.000,180.500,14.706,1.385,95.735
705,856,728.824,194.711,103.252,10.556,101.186
706,894,728.990,197.536,104.450,10.898,104.617
707,894,728.780,199.164,104.975,10.843,107.941
708,897,727.950,199.653,105.024,10.875,110.664
709,860,726.100,198.344,103.999,10.529,112.954
710,845,723.507,195.979,103.386,10.406,114.286
711,826,720.363,192.613,103.046,10.206,114.558
712,835,716.425,187.813,103.927,10.230,113.856
713,865,712.485,182.091,104.955,10.494,111.958
714,875,708.813,175.444,105.701,10.540,109.509
715,873,705.502,168.067,105.955,10.491,106.311
716,865,702.918,160.180,105.619,10.428,102.680
717,853,701.117,152.104,105.251,10.319,98.914
718,836,700.010,144.529,104.640,10.172,95.009
719,834,699.496,137.844,104.593,10.153,90.877
720,861,699.578,131.425,104.838,10.457,86.815
721,848,699.981,125.757,105.228,10.261,83.109
722,849,700.268,121.733,104.773,10.317,79.392
723,839,700.394,119.008,104.425,10.230,75.864
724,839,699.869,117.869,104.411,10.231,72.814
725,853,698.705,117.584,104.862,10.357,70.136
726,868,696.631,118.940,106.115,10.415,68.160
727,880,693.938,121.401,107.102,10.462,67.100
728,900,690.820,124.842,107.600,10.650,67.048
729,884,687.269,129.956,107.336,10.486,67.861
730,867,683.649,136.139,106.728,10.343,69.662
731,849,680.504,142.949,105.499,10.246,72.220
732,863,677.631,150.420,106.058,10.360,75.231
733,866,675.360,158.089,106.285,10.374,78.623
734,925,673.544,166.365,108.144,10.891,82.110
735,926,672.765,174.178,108.980,10.819,85.830
736,937,672.719,181.761,109.064,10.939,89.784
737,947,672.980,187.856,108.691,11.093,93.632
738,918,673.756,193.398,107.681,10.855,97.667
739,887,674.433,197.331,106.981,10.557,101.727
740,880,674.739,200.331,106.509,10.520,105.466
741,913,674.308,201.774,107.501,10.814,108.834
742,924,673.146,201.857,108.517,10.841,111.599
743,933,671.061,200.337,109.065,10.892,113.723
744,929,668.267,197.836,108.865,10.865,114.927
745,920,664.672,193.780,108.534,10.793,115.027
746,913,660.901,188.801,108.071,10.756,114.054
747,908,656.933,182.633,108.434,10.662,112.054
748,937,653.056,175.406,109.461,10.899,109.124
749,929,649.762,167.530,109.274,10.825,105.667
750,932,647.236,159.098,109.597,10.828,101.870
751,932,645.580,151.387,110.089,10.779,97.858
752,943,644.727,143.556,109.546,10.960,93.840
753,928,644.682,136.709,109.815,10.760,89.748
754,930,644.708,130.455,109.897,10.775,85.758
755,912,645.265,125.061,109.000,10.653,81.708
756,920,645.651,120.815,109.445,10.703,77.947
757,930,645.658,118.441,109.143,10.849,74.456
758,916,645.083,117.545,108.524,10.747,71.317
759,911,643.848,117.756,108.988,10.643,69.081
760,915,641.689,119.193,108.718,10.716,67.486
761,925,638.806,121.961,109.124,10.793,66.809
762,920,635.442,125.815,110.072,10.642,67.046
763,930,631.778,130.920,110.234,10.742,68.382
764,933,628.288,137.192,110.888,10.713,70.411
765,941,625.117,143.885,110.650,10.828,73.343
766,936,622.417,151.900,110.454,10.790,76.563
767,930,620.637,159.653,110.222,10.743,80.310
768,947,619.414,167.381,110.169,10.945,84.309
769,938,618.901,175.039,109.844,10.873,88.339
770,950,618.901,180.654,109.835,11.013,92.357
771,945,619.352,186.648,110.107,10.928,96.237
772,944,619.836,191.112,109.985,10.928,100.367
773,942,620.378,194.167,109.996,10.904,104.202
774,937,620.384,196.298,109.984,10.847,107.823
775,929,619.576,196.670,109.810,10.772,111.014
776,944,617.743,195.464,109.860,10.941,113.468
777,947,614.935,193.235,109.806,10.981,114.999
778,943,611.417,189.742,110.033,10.912,115.273
779,947,607.689,185.086,110.822,10.880,114.498
780,942,603.485,178.935,110.840,10.821,112.740
781,940,599.685,172.101,110.844,10.798,110.065
782,950,596.538,164.738,110.821,10.915,106.972
783,928,593.831,156.444,110.626,10.681,103.187
784,927,591.953,148.400,110.737,10.659,98.985
785,914,590.951,140.268,110.081,10.572,94.841
786,900,590.559,132.231,109.655,10.450,90.776
787,913,590.712,126.604,109.359,10.630,86.346
788,914,591.299,121.174,109.921,10.587,82.504
789,913,591.779,116.869,109.696,10.597,78.589
790,915,591.967,114.018,108.522,10.735,75.164
791,916,591.653,112.287,109.648,10.637,71.661
792,901,590.613,111.984,108.452,10.578,69.107
793,912,588.865,112.921,108.171,10.735,67.263
794,916,586.128,115.386,109.431,10.658,66.369
795,921,582.653,119.885,109.196,10.739,66.605
796,935,579.072,124.986,109.880,10.834,67.891
797,927,575.576,130.665,109.497,10.779,69.867
798,945,572.243,137.807,110.428,10.896,72.630
799,928,569.508,144.928,110.624,10.681,75.877
800,926,567.370,152.737,110.474,10.672,79.525
801,930,566.119,160.630,109.753,10.789,83.489
802,934,565.544,167.681,110.059,10.805,87.583
803,919,565.685,174.373,110.075,10.630,91.843
804,914,566.096,180.571,110.149,10.565,96.001
805,917,566.739,185.413,110.022,10.612,100.117
806,921,567.169,188.657,109.991,10.661,104.163
807,927,567.021,190.414,109.981,10.732,107.852
808,919,566.153,190.994,109.934,10.644,111.158
809,927,564.688,190.203,110.186,10.712,113.725
810,930,561.890,187.796,110.245,10.741,115.298
811,926,558.567,184.427,110.501,10.670,115.722
812,924,554.636,179.531,110.592,10.638,115.034
813,931,550.496,173.607,110.646,10.713,113.244
814,922,546.439,166.555,110.842,10.591,110.453
815,924,543.127,158.803,110.752,10.623,107.134
816,929,540.433,150.754,110.808,10.675,103.242
817,918,538.531,142.454,110.516,10.576,99.222
818,928,537.634,134.225,110.626,10.681,95.080
819,899,537.285,126.903,110.571,10.352,90.938
820,917,537.545,120.093,110.320,10.583,86.595
821,911,538.193,114.882,109.975,10.547,82.370
822,912,538.745,110.443,109.838,10.572,78.365
823,904,539.014,107.729,109.628,10.499,74.719
824,906,538.754,106.372,109.885,10.498,71.407
825,918,537.808,106.127,109.985,10.627,68.727
826,916,535.925,107.265,110.140,10.589,66.944
827,915,533.248,109.763,110.050,10.586,65.976
828,912,529.889,113.509,110.243,10.533,66.142
829,913,526.236,118.628,110.220,10.547,67.324
830,924,522.759,124.284,110.331,10.663,69.337
831,928,519.309,131.772,110.630,10.680,72.144
832,917,516.575,139.111,110.565,10.560,75.488
833,917,514.633,146.933,110.468,10.569,79.287
834,930,513.233,155.110,110.843,10.683,83.341
835,915,512.745,162.689,109.978,10.593,87.393
836,905,512.794,169.156,110.130,10.463,91.711
837,930,513.304,175.405,110.845,10.683,95.848
838,918,514.002,180.224,110.088,10.617,100.024
839,916,514.584,183.560,110.127,10.590,104.010
840,931,514.674,185.770,110.027,10.774,107.770
841,919,513.893,186.016,110.048,10.633,111.131
842,924,512.352,185.440,110.353,10.661,113.701
843,919,509.757,183.257,110.025,10.635,115.499
844,931,506.325,179.763,110.382,10.739,115.988
845,922,502.345,174.791,110.323,10.641,115.292
846,927,498.236,168.954,110.860,10.647,113.461
847,931,494.471,162.132,110.646,10.713,110.741
848,919,491.093,154.393,110.333,10.605,107.412
849,920,488.364,146.327,110.786,10.573,103.619
850,916,486.531,137.805,110.778,10.528,99.458
851,906,485.554,129.956,110.467,10.443,95.305
852,892,485.238,121.885,110.428,10.285,90.896
853,920,485.542,115.609,110.100,10.639,86.784
854,912,486.269,109.743,110.046,10.552,82.703
855,920,486.827,105.992,109.989,10.650,78.768
856,917,487.119,102.996,109.702,10.643,74.923
857,910,486.899,101.388,109.741,10.558,71.545
858,913,485.863,101.256,109.918,10.576,68.879
859,916,484.183,101.943,109.664,10.635,66.954
860,910,481.554,104.544,110.362,10.499,65.973
861,919,478.262,108.319,110.356,10.603,66.156
862,927,474.609,113.372,111.331,10.602,67.261
863,924,471.096,119.219,110.390,10.657,69.246
864,920,467.700,126.089,110.747,10.577,71.960
865,922,464.932,133.661,110.296,10.643,75.364
866,923,462.914,141.343,110.349,10.650,79.111
867,925,461.595,149.518,110.757,10.634,83.119
868,922,461.035,157.400,110.710,10.604,87.267
869,931,461.226,164.080,110.545,10.723,91.454
870,941,461.675,169.743,110.554,10.837,95.622
871,928,462.361,174.506,110.437,10.699,99.877
872,927,462.985,178.241,110.259,10.705,103.928
873,923,462.979,180.167,110.013,10.682,107.766
874,919,462.526,181.006,109.901,10.647,111.119
875,934,460.956,180.268,110.504,10.762,113.732
876,924,458.344,178.116,110.304,10.666,115.442
877,928,455.120,174.683,110.129,10.729,115.895
878,930,451.225,170.215,110.403,10.725,115.330
879,926,447.112,164.262,110.604,10.660,113.590
880,913,443.045,156.960,110.438,10.526,110.891
881,912,439.586,149.296,110.403,10.518,107.595
882,914,436.953,141.183,110.420,10.539,103.776
883,924,435.195,132.719,110.650,10.632,99.676
884,921,434.099,124.712,110.586,10.604,95.401
885,893,433.883,116.272,110.063,10.330,91.369
886,906,434.190,110.230,110.328,10.456,86.959
887,911,434.804,104.679,110.303,10.516,82.783
888,904,435.428,100.262,109.948,10.469,78.829
889,909,435.870,97.320,110.347,10.489,75.023
890,904,435.684,95.617,109.727,10.490,71.702
891,910,434.724,95.423,109.490,10.582,68.900
892,917,433.093,96.591,110.172,10.598,66.977
893,909,430.402,98.850,109.886,10.533,65.991
894,913,427.176,102.568,110.399,10.530,66.025
895,904,423.897,107.064,109.890,10.474,67.151
896,916,420.129,113.238,110.389,10.565,69.092
897,922,416.624,120.415,110.811,10.594,71.836
898,917,413.945,127.738,110.796,10.538,75.156
899,914,411.721,135.733,110.726,10.510,78.908
900,923,410.462,143.748,110.548,10.631,82.897
901,912,409.941,151.140,110.528,10.506,87.143
902,909,409.958,157.947,110.365,10.487,91.354
903,925,410.564,164.430,110.918,10.618,95.591
904,920,411.348,169.234,110.168,10.633,99.852
905,923,411.879,172.915,110.211,10.663,103.873
906,916,412.056,174.718,110.413,10.563,107.710
907,919,411.473,175.585,110.290,10.609,111.107
908,919,409.865,174.849,109.728,10.664,113.880
909,923,407.465,172.638,110.548,10.631,115.508
910,925,404.099,169.271,110.558,10.653,116.096
911,919,400.154,164.583,110.383,10.600,115.458
912,925,396.104,158.541,110.601,10.649,113.657
913,923,392.134,151.591,110.786,10.608,111.068
914,923,388.639,143.959,110.430,10.642,107.698
915,928,386.039,135.656,110.862,10.658,103.935
916,911,384.044,127.231,110.408,10.506,99.779
917,918,383.035,118.880,110.486,10.579,95.624
918,918,382.793,111.132,110.317,10.595,91.352
919,899,383.074,104.636,110.120,10.395,87.135
920,915,383.735,99.052,109.934,10.597,82.951
921,906,384.519,94.419,109.815,10.504,78.874
922,912,384.990,91.249,110.162,10.541,75.064
923,909,384.908,89.545,110.032,10.519,71.633
924,908,384.079,89.227,109.684,10.540,68.862
925,905,382.258,90.440,109.956,10.480,66.817
926,921,379.842,92.667,110.144,10.647,65.857
927,914,376.573,96.512,110.341,10.547,65.805
928,920,373.071,101.333,110.375,10.613,66.808
929,911,369.428,107.275,110.701,10.478,68.747
930,914,366.194,113.964,110.267,10.554,71.524
931,923,363.192,122.004,110.673,10.619,74.847
932,918,361.105,129.755,110.999,10.530,78.486
933,925,359.761,137.744,110.502,10.658,82.543
934,928,359.167,145.460,111.344,10.612,86.719
935,924,359.294,152.821,111.477,10.553,91.046
936,922,359.866,159.226,110.996,10.576,95.202
937,927,360.608,163.898,110.350,10.696,99.371
938,923,361.446,167.919,110.569,10.629,103.470
939,914,361.660,170.089,110.218,10.559,107.284
940,928,361.129,170.753,110.440,10.699,110.799
941,925,359.825,170.435,110.267,10.681,113.577
942,919,357.377,168.146,110.276,10.611,115.473
943,922,354.152,165.097,110.550,10.619,116.090
944,923,350.313,160.365,110.417,10.643,115.574
945,918,346.191,154.468,110.452,10.582,113.898
946,924,342.282,147.682,110.659,10.632,111.321
947,914,338.776,140.042,110.555,10.526,108.079
948,921,336.091,131.627,110.259,10.635,104.345
949,911,334.082,123.396,110.354,10.511,100.248
950,908,333.008,115.074,110.789,10.435,95.996
951,909,332.684,107.290,110.964,10.430,91.832
952,925,332.944,100.802,110.626,10.646,87.494
953,905,333.627,94.736,110.135,10.462,83.372
954,913,334.420,89.856,109.892,10.578,79.348
955,905,334.950,86.524,109.839,10.491,75.406
956,913,334.999,84.645,110.230,10.546,72.017
957,899,334.351,84.102,109.057,10.496,69.038
958,909,332.577,85.419,109.887,10.532,66.955
959,907,330.245,87.554,110.140,10.485,65.776
960,911,327.250,90.833,110.328,10.513,65.654
961,919,323.512,95.918,110.435,10.595,66.545
962,909,319.933,101.801,110.067,10.515,68.332
963,910,316.586,108.601,110.374,10.497,70.992
964,917,313.540,116.439,110.489,10.567,74.245
965,914,311.452,124.384,110.356,10.545,77.891
966,915,310.018,132.563,110.258,10.566,81.969
967,914,309.338,140.212,110.691,10.513,86.097
968,908,309.558,146.812,111.021,10.413,90.216
969,919,309.974,153.720,110.409,10.598,94.527
970,907,310.684,159.152,110.270,10.473,98.796
971,918,311.578,163.069,110.116,10.615,102.893
972,931,311.898,165.534,110.729,10.705,106.849
973,917,311.394,166.257,110.127,10.602,110.419
974,922,310.363,166.085,110.359,10.637,113.325
975,925,308.055,164.282,110.354,10.672,115.282
976,925,304.924,161.076,110.555,10.653,116.190
977,928,301.249,156.878,110.745,10.669,115.741
978,928,297.078,151.009,110.843,10.660,114.239
979,919,292.979,143.894,110.334,10.605,111.749
980,927,289.463,136.403,111.163,10.618,108.574
981,925,286.457,127.985,111.026,10.608,104.905
982,926,284.383,119.376,110.963,10.625,100.978
983,932,283.333,111.560,110.708,10.719,96.593
984,913,282.800,103.688,110.842,10.488,92.516
985,913,283.068,95.944,110.274,10.542,88.423
986,904,283.616,90.835,109.967,10.467,84.037
987,914,284.345,85.700,110.192,10.561,79.930
988,917,285.042,81.970,110.108,10.604,76.053
989,913,285.178,79.963,110.082,10.560,72.524
990,914,284.493,79.371,109.782,10.600,69.431
991,912,283.000,80.117,109.558,10.599,67.150
992,904,280.801,81.897,110.054,10.459,65.743
993,915,277.662,85.449,110.656,10.528,65.464
994,926,274.143,90.106,110.742,10.647,66.191
995,909,270.503,95.700,110.433,10.480,67.887
996,926,267.137,102.298,110.556,10.664,70.508
997,921,264.028,109.935,110.776,10.586,73.530
998,921,261.635,117.865,110.504,10.612,77.197
999,923,260.047,126.011,111.221,10.566,81.152
1000,934,259.249,134.131,110.985,10.715,85.345
1001,913,259.114,140.925,110.912,10.481,89.317
1002,932,259.602,147.869,110.498,10.739,93.745
1003,918,260.361,153.747,110.336,10.593,97.901
1004,927,261.131,157.840,110.732,10.659,102.068
1005,911,261.679,160.823,110.213,10.524,106.021
1006,921,261.460,162.034,110.161,10.645,109.722
1007,920,260.366,161.799,110.432,10.607,112.819
1008,922,258.305,160.155,110.521,10.622,115.014
1009,935,255.225,157.006,110.575,10.766,116.143
1010,920,251.791,153.191,110.790,10.573,115.861
1011,922,247.685,147.585,110.882,10.587,114.646
1012,925,243.448,140.711,110.713,10.638,112.345
1013,921,239.770,133.143,110.766,10.587,109.308
1014,906,236.796,125.028,110.320,10.456,105.642
1015,919,234.466,116.602,110.912,10.550,101.766
1016,923,233.150,108.285,110.931,10.594,97.509
1017,936,232.552,100.037,110.589,10.776,93.285
1018,926,232.684,92.435,110.335,10.686,89.212
1019,911,233.269,86.340,110.226,10.523,84.975
1020,915,234.101,81.240,109.880,10.603,80.814
1021,910,234.678,77.767,110.171,10.517,76.886
1022,918,235.009,75.011,109.510,10.673,73.216
1023,915,234.418,74.241,110.323,10.560,70.032
1024,917,233.189,74.577,109.894,10.624,67.456
1025,925,230.974,76.421,110.277,10.680,66.000
1026,927,227.966,79.588,110.360,10.695,65.458
1027,922,224.548,83.723,110.093,10.663,65.902
1028,925,220.815,89.436,110.668,10.642,67.478
1029,921,217.218,96.046,110.783,10.585,69.735
1030,935,214.022,103.299,110.624,10.761,72.823
1031,920,211.501,111.135,110.745,10.577,76.442
1032,923,209.608,119.436,110.505,10.635,80.282
1033,924,208.568,127.636,110.607,10.637,84.402
1034,921,208.463,134.547,110.327,10.629,88.392
1035,919,208.774,141.966,110.342,10.604,92.750
1036,932,209.446,147.480,110.305,10.758,97.088
1037,926,210.311,151.787,110.419,10.678,101.234
1038,929,210.892,155.122,110.269,10.727,105.257
1039,919,210.677,156.518,110.151,10.623,108.936
1040,925,209.979,156.754,110.479,10.660,112.203
1041,919,208.007,155.613,110.136,10.624,114.663
1042,936,205.002,152.670,110.654,10.770,115.904
1043,928,201.606,148.891,110.438,10.699,116.143
1044,921,197.365,143.483,110.477,10.614,115.081
1045,929,193.301,137.133,110.584,10.696,112.922
1046,920,189.632,129.823,110.343,10.616,110.059
1047,915,186.249,121.811,110.591,10.534,106.575
1048,914,183.730,113.142,110.197,10.561,102.612
1049,918,182.041,104.538,110.406,10.587,98.479
1050,927,181.186,96.404,111.135,10.620,94.302
1051,933,181.010,89.516,110.599,10.741,90.376
1052,923,181.568,82.280,110.580,10.628,85.900
1053,927,182.147,76.743,110.329,10.698,81.795
1054,923,182.834,72.487,110.336,10.651,77.733
1055,924,183.098,69.658,110.064,10.689,74.027
1056,928,182.833,68.218,110.226,10.719,70.738
1057,922,181.662,68.445,110.217,10.651,67.997
1058,926,179.679,69.731,110.201,10.699,66.189
1059,919,176.786,72.658,110.172,10.621,65.366
1060,920,173.370,76.670,110.077,10.641,65.614
1061,929,169.578,82.055,110.427,10.711,66.834
1062,939,165.856,88.485,110.671,10.803,69.113
1063,920,162.467,95.815,110.348,10.615,72.018
1064,934,159.722,103.611,110.526,10.760,75.419
1065,934,157.621,111.818,110.801,10.733,79.276
1066,915,156.448,119.697,110.483,10.545,83.320
1067,938,155.866,127.535,110.356,10.822,87.479
1068,935,156.115,133.987,110.340,10.789,91.692
1069,931,156.677,140.355,110.639,10.714,95.977
1070,925,157.452,145.383,110.124,10.695,100.143
1071,933,158.036,148.807,110.359,10.764,104.229
1072,936,158.098,150.739,110.515,10.784,108.103
1073,924,157.425,151.263,110.172,10.678,111.521
1074,937,155.792,150.299,110.641,10.783,114.191
1075,929,153.131,147.898,110.513,10.703,115.759
1076,932,149.723,144.245,110.537,10.735,116.205
1077,933,145.519,139.154,110.527,10.748,115.531
1078,926,141.210,132.684,110.369,10.682,113.625
1079,933,137.270,125.556,110.721,10.729,110.898
1080,931,133.661,117.542,110.614,10.716,107.495
1081,933,130.931,109.144,110.690,10.732,103.700
1082,927,129.029,100.293,110.529,10.679,99.597
1083,931,127.880,92.306,110.735,10.705,95.470
1084,942,127.558,84.674,110.616,10.843,91.166
1085,922,127.730,77.120,110.273,10.646,87.094
1086,925,128.288,71.441,110.454,10.663,82.922
1087,922,128.772,67.192,110.501,10.624,78.755
1088,924,129.334,63.392,110.039,10.691,74.984
1089,944,129.163,61.713,110.660,10.862,71.479
1090,928,128.154,61.434,110.313,10.711,68.529
1091,922,126.289,62.523,109.999,10.672,66.367
1092,929,123.557,64.916,110.375,10.717,65.357
1093,937,120.187,68.611,110.064,10.839,65.271
1094,927,116.386,73.814,110.299,10.701,66.356
1095,940,112.570,79.706,110.465,10.835,68.230
1096,934,109.021,86.671,110.709,10.742,70.951
1097,934,105.846,94.653,110.911,10.722,74.243
1098,936,103.513,102.667,110.792,10.757,78.003
1099,935,101.860,110.811,110.678,10.756,81.985
1100,938,101.023,119.431,110.499,10.808,86.096
1101,936,100.895,126.382,110.585,10.777,90.393
1102,925,101.365,132.127,110.321,10.676,94.511
1103,944,102.030,137.678,110.477,10.880,98.623
1104,927,102.582,141.683,109.895,10.740,102.890
1105,931,102.790,144.011,110.159,10.761,106.813
1106,935,102.298,144.718,109.776,10.845,110.444
1107,932,100.871,144.381,110.017,10.786,113.434
1108,929,98.496,142.376,109.907,10.762,115.548
1109,938,95.216,139.065,110.692,10.789,116.335
1110,934,91.227,134.521,110.293,10.782,116.015
1111,942,86.906,128.593,110.558,10.849,114.494
1112,938,82.740,121.660,110.681,10.790,111.988
1113,937,78.758,113.593,110.822,10.765,108.846
1114,935,75.697,105.272,110.591,10.765,105.135
1115,939,73.236,96.240,110.965,10.774,101.245
1116,938,71.772,88.022,111.044,10.755,97.057
1117,938,71.002,79.704,110.733,10.785,92.942
1118,928,71.010,72.636,110.693,10.674,88.886
1119,942,71.254,65.652,110.320,10.872,84.643
1120,950,71.740,60.626,110.615,10.935,80.586
1121,946,72.099,56.552,110.633,10.887,76.652
1122,944,72.046,54.271,110.383,10.889,72.970
1123,933,71.336,53.271,110.037,10.796,69.671
1124,945,69.690,53.794,110.579,10.881,67.187
1125,936,67.284,55.554,110.077,10.827,65.659
1126,936,63.919,58.881,110.171,10.817,65.200
1127,946,60.175,63.235,110.574,10.893,65.834
1128,947,56.329,68.707,110.595,10.902,67.450
1129,947,52.446,75.322,110.721,10.890,69.940
1130,952,48.859,83.086,110.943,10.926,72.993
1131,951,46.121,90.855,110.706,10.938,76.589
1132,951,44.164,98.657,110.553,10.953,80.509
1133,948,42.926,106.730,110.360,10.937,84.582
1134,980,42.413,113.828,110.333,11.309,88.541
1135,946,42.512,120.729,110.394,10.911,92.757
1136,957,42.984,126.620,110.401,11.037,96.994
1137,951,43.496,130.865,110.661,10.942,101.147
1138,949,43.708,133.771,110.440,10.941,105.185
1139,953,43.351,135.192,110.457,10.985,108.888
1140,946,42.240,135.164,109.936,10.956,112.126
