 ,XM,YM,Major,Minor,Angle
1,269.442,35.089,27.626,2.883,88.690
2,268.198,35.406,28.311,2.749,88.928
3,267.076,35.560,28.604,2.759,89.545
4,265.973,35.680,29.256,2.785,89.823
5,264.874,35.788,28.686,2.751,90.153
6,263.777,36.095,28.668,2.740,90.543
7,262.696,36.394,28.938,2.715,90.926
8,261.608,36.503,29.026,2.732,91.098
9,260.492,36.850,29.210,2.614,91.462
10,259.400,36.837,29.012,2.632,91.745
11,258.346,36.741,28.911,2.528,91.859
12,257.285,36.653,28.354,2.564,92.112
13,256.241,36.611,27.819,2.561,92.169
14,255.215,36.230,28.128,2.598,92.317
15,254.176,36.142,28.480,2.604,92.446
16,253.139,36.021,29.162,2.556,92.523
17,252.106,36.030,29.102,2.486,92.654
18,251.117,35.954,28.768,2.540,92.892
19,250.168,35.711,28.670,2.689,93.145
20,249.279,36.160,28.174,2.503,92.443
21,248.291,35.935,28.882,2.593,92.429
22,247.326,35.502,29.092,2.474,92.531
23,246.562,35.920,28.270,2.507,92.178
24,245.578,35.471,28.198,2.618,92.143
25,244.682,35.281,28.266,2.443,91.930
26,243.892,35.418,28.764,2.566,91.774
27,242.997,34.928,27.858,2.545,91.511
28,242.227,35.083,27.965,2.535,91.233
29,241.393,34.859,27.897,2.541,91.059
30,240.636,34.786,28.152,2.505,90.713
31,239.908,34.439,28.931,2.324,90.468
32,239.133,34.574,28.610,2.656,90.350
33,238.386,34.395,28.846,2.280,90.000
34,237.635,34.137,28.571,2.583,89.561
35,236.900,34.009,27.887,2.489,89.449
36,236.173,34.097,28.429,2.326,89.213
37,235.410,33.823,27.862,2.610,88.839
38,234.652,33.893,28.672,2.307,88.909
39,233.912,33.771,28.054,2.436,88.503
40,233.184,33.788,28.699,2.534,88.396
41,232.401,33.827,27.953,2.314,88.451
42,231.652,33.878,28.382,2.575,88.120
43,230.911,33.742,28.762,2.274,88.349
44,230.155,33.862,27.386,2.442,88.114
45,229.440,33.818,28.213,2.538,88.095
46,228.629,34.035,28.301,2.376,88.241
47,227.903,34.065,28.309,2.607,88.202
48,227.131,33.928,28.995,2.205,88.521
49,226.412,34.097,28.133,2.442,88.339
50,225.664,34.078,28.386,2.497,88.627
51,224.936,34.285,28.619,2.273,89.094
52,224.168,34.001,27.932,2.629,89.141
53,223.393,34.718,28.960,2.334,89.396
54,222.706,34.325,27.926,2.434,89.754
55,221.947,34.327,27.777,2.618,89.958
56,221.215,34.460,28.708,2.278,90.121
57,220.442,34.684,28.035,2.620,90.561
58,219.718,34.685,28.153,2.466,90.725
59,218.970,34.720,28.246,2.367,91.037
60,218.229,34.750,28.322,2.554,91.589
61,217.487,34.742,28.110,2.392,91.585
62,216.747,34.654,27.799,2.445,91.766
63,216.038,34.785,28.785,2.463,92.136
64,215.229,34.672,28.496,2.488,92.369
65,214.518,34.495,28.560,2.367,92.565
66,213.768,34.605,27.998,2.558,92.933
67,213.011,34.450,28.542,2.394,92.725
68,212.284,34.419,27.753,2.475,92.744
69,211.560,34.564,27.739,2.582,93.066
70,210.770,34.157,28.359,2.319,92.860
71,210.033,34.296,27.518,2.549,93.071
72,209.268,34.009,28.684,2.459,92.819
73,208.544,33.925,27.656,2.444,92.820
74,207.810,33.931,28.056,2.579,92.786
75,207.021,33.656,28.731,2.340,92.510
76,206.326,33.648,27.816,2.575,92.434
77,205.542,33.306,27.762,2.488,92.028
78,204.804,33.331,28.255,2.483,91.860
79,204.050,33.067,28.044,2.541,91.429
80,203.306,32.969,28.036,2.385,91.486
81,202.568,32.822,27.572,2.465,91.007
82,201.814,32.556,28.893,2.453,90.561
83,201.062,32.469,27.793,2.511,90.461
84,200.323,32.582,27.940,2.446,90.116
85,199.622,32.233,28.142,2.428,89.881
86,198.861,32.139,28.516,2.460,89.589
87,198.100,31.994,27.947,2.458,89.335
88,197.348,32.025,27.475,2.514,89.192
89,196.639,32.107,28.394,2.458,89.007
90,195.892,31.658,27.474,2.567,88.630
91,195.102,32.245,28.058,2.448,88.715
92,194.403,31.592,28.375,2.369,88.526
93,193.636,32.086,27.796,2.669,88.067
94,192.924,31.966,27.720,2.399,88.568
95,192.169,31.550,27.481,2.526,88.396
96,191.409,32.238,27.575,2.557,88.399
97,190.679,31.795,28.615,2.324,88.574
98,189.949,31.866,27.008,2.598,88.752
99,189.183,32.147,28.391,2.407,88.793
100,188.463,31.806,27.797,2.471,89.065
101,187.675,32.245,27.365,2.470,89.404
102,186.990,31.973,28.354,2.513,89.483
103,186.263,32.078,27.721,2.465,89.871
104,185.499,32.091,28.045,2.449,89.994
105,184.747,32.142,27.784,2.472,90.414
106,184.023,32.257,28.333,2.347,90.854
107,183.288,32.171,27.661,2.483,90.924
108,182.558,32.042,27.612,2.501,91.197
109,181.860,32.255,27.975,2.338,91.665
110,181.115,32.283,27.974,2.534,91.834
111,180.342,32.171,28.085,2.420,92.158
112,179.646,32.040,27.596,2.397,92.294
113,178.904,31.923,28.142,2.597,92.598
114,178.172,32.040,28.043,2.358,92.591
115,177.439,31.758,27.876,2.477,92.780
116,176.736,31.883,27.721,2.557,93.058
117,176.000,31.639,28.191,2.333,92.817
118,175.237,31.333,27.932,2.512,93.017
119,174.521,31.622,27.751,2.462,92.925
120,173.803,31.431,27.811,2.365,92.855
121,173.048,30.943,27.586,2.583,93.058
122,172.331,31.109,28.158,2.388,92.665
123,171.637,30.797,27.928,2.355,92.461
124,170.903,30.584,28.185,2.567,92.550
125,170.142,30.424,27.827,2.377,92.197
126,169.464,30.279,27.614,2.448,91.933
127,168.740,30.192,28.131,2.507,91.707
128,167.982,29.802,28.305,2.349,91.502
129,167.306,29.911,28.063,2.526,91.136
130,166.599,29.534,27.803,2.523,90.757
131,165.896,29.406,28.272,2.469,90.430
132,165.159,29.190,28.623,2.464,90.204
133,164.489,28.970,28.182,2.489,89.902
134,163.783,28.890,28.058,2.461,89.696
135,163.021,28.886,27.780,2.433,89.382
136,162.364,28.831,29.033,2.366,88.969
137,161.671,28.231,28.396,2.471,88.788
138,160.935,28.613,27.381,2.589,88.652
139,160.230,28.693,28.408,2.328,88.513
140,159.562,28.066,28.041,2.385,88.371
141,158.844,28.320,28.501,2.641,87.795
142,158.085,28.785,28.073,2.291,88.350
143,157.460,28.226,28.042,2.267,88.180
144,156.709,28.438,28.152,2.661,87.677
145,155.952,28.899,27.589,2.344,88.423
146,155.340,28.270,28.289,2.235,88.256
147,154.615,28.133,27.748,2.634,88.048
148,153.852,29.097,27.616,2.435,88.703
149,153.212,28.392,28.860,2.254,88.578
150,152.519,28.338,27.123,2.465,89.076
151,151.760,28.731,27.543,2.414,89.275
152,151.092,28.616,28.258,2.353,89.338
153,150.389,28.669,28.012,2.478,89.882
154,149.656,28.807,27.810,2.404,90.037
155,148.977,28.962,27.547,2.427,90.372
156,148.297,28.722,27.767,2.500,90.572
157,147.604,28.947,28.436,2.351,91.170
158,146.912,29.188,28.047,2.514,91.303
159,146.214,28.962,27.810,2.523,91.681
160,145.499,28.944,28.043,2.384,92.045
161,144.850,28.886,28.234,2.368,92.145
162,144.158,29.103,27.866,2.557,92.504
163,143.450,29.061,27.987,2.481,92.759
164,142.768,28.822,28.150,2.285,92.656
165,142.106,28.763,27.693,2.401,93.003
166,141.425,28.835,27.808,2.536,93.255
167,140.720,28.637,28.418,2.404,92.952
168,140.039,28.543,28.548,2.291,92.956
169,139.386,28.486,28.144,2.441,92.948
170,138.724,28.557,27.982,2.572,92.939
171,137.992,28.265,27.792,2.353,92.465
172,137.367,28.249,28.346,2.333,92.366
173,136.684,28.206,28.372,2.524,92.204
174,135.967,27.917,28.039,2.528,92.119
175,135.306,27.711,28.447,2.363,91.831
176,134.706,27.877,28.413,2.341,91.800
177,134.037,27.936,28.030,2.451,91.444
178,133.339,27.287,27.736,2.411,91.145
179,132.695,27.149,28.066,2.396,91.033
180,132.025,27.189,28.214,2.344,90.968
181,131.337,26.977,27.790,2.406,90.399
182,130.669,26.932,28.711,2.304,90.124
183,130.035,26.791,27.937,2.380,89.863
184,129.364,26.603,27.635,2.393,89.642
185,128.680,26.791,28.246,2.432,89.277
186,128.010,26.791,28.789,2.285,89.128
187,127.365,26.445,27.490,2.366,89.127
188,126.669,26.672,27.126,2.559,88.816
189,125.969,26.832,28.122,2.391,88.602
190,125.353,26.436,29.167,2.217,88.379
191,124.709,26.072,27.672,2.416,88.622
192,123.971,26.854,27.956,2.640,88.229
193,123.275,26.933,27.929,2.329,88.372
194,122.664,26.561,28.491,2.206,88.277
195,121.981,26.269,27.281,2.518,88.400
196,121.273,26.980,27.805,2.615,88.421
197,120.615,26.967,28.359,2.409,88.590
198,119.982,26.621,29.276,2.259,88.673
199,119.319,26.633,27.619,2.395,89.080
200,118.613,26.891,27.483,2.499,89.125
201,117.995,26.957,27.622,2.434,89.577
202,117.409,26.959,27.794,2.406,89.802
203,116.752,26.984,27.540,2.375,90.213
204,116.118,26.947,27.704,2.400,90.523
205,115.459,26.932,27.967,2.365,91.129
206,114.835,27.100,27.923,2.395,91.320
207,114.238,26.915,28.457,2.298,91.280
208,113.590,26.915,28.444,2.338,91.411
209,112.923,26.651,28.305,2.427,91.688
210,112.295,26.918,28.374,2.344,92.014
211,111.674,26.748,27.988,2.363,92.003
212,111.076,26.884,28.269,2.340,92.173
213,110.424,26.757,27.766,2.474,92.543
214,109.712,26.515,27.929,2.447,92.693
215,109.068,26.560,28.355,2.268,92.687
216,108.465,26.499,27.872,2.281,92.718
217,107.785,26.219,27.701,2.440,92.910
218,107.128,26.194,27.368,2.523,93.203
219,106.457,26.274,27.779,2.407,92.859
220,105.805,26.096,27.888,2.280,92.627
221,105.171,25.845,27.850,2.362,92.732
222,104.524,25.944,27.641,2.472,92.679
223,103.864,25.694,28.006,2.453,92.344
224,103.215,25.431,27.968,2.365,92.115
225,102.635,25.514,28.044,2.371,91.927
226,102.046,25.675,28.227,2.304,91.862
227,101.447,25.624,28.161,2.426,91.476
228,100.867,25.364,27.834,2.415,90.700
229,100.319,25.461,27.799,2.405,90.344
230,99.736,25.607,27.996,2.428,89.932
231,99.122,25.376,28.738,2.251,89.718
232,98.556,25.587,28.760,2.274,89.467
233,97.970,25.434,28.506,2.294,89.429
234,97.377,25.446,28.140,2.376,89.462
235,96.784,25.222,27.531,2.376,89.508
236,96.106,25.461,27.421,2.439,89.374
237,95.490,25.568,27.763,2.435,89.350
238,94.846,25.667,28.510,2.358,89.249
239,94.237,25.679,28.350,2.281,89.328
240,93.635,25.485,27.844,2.323,89.431
241,93.026,25.374,27.236,2.401,89.620
242,92.386,25.405,27.477,2.420,89.560
243,91.739,25.679,27.757,2.422,89.719
244,91.115,25.645,27.873,2.333,89.848
245,90.508,25.752,28.515,2.268,89.831
246,89.913,25.814,28.594,2.364,89.927
247,89.297,25.607,27.682,2.416,90.121
248,88.710,25.613,27.427,2.398,90.204
249,88.010,25.539,27.707,2.427,90.352
250,87.426,25.736,28.000,2.414,90.372
251,86.806,25.769,28.025,2.360,90.466
252,86.166,25.685,28.053,2.332,90.626
253,85.571,25.514,27.696,2.401,90.862
254,84.955,25.715,28.356,2.410,91.160
255,84.326,25.658,28.599,2.325,91.182
256,83.694,25.610,28.041,2.385,90.931
257,83.057,25.500,27.623,2.368,90.984
258,82.416,25.524,28.086,2.329,90.996
259,81.800,25.455,27.985,2.402,91.124
260,81.162,25.531,28.484,2.335,91.483
261,80.585,25.547,28.278,2.339,91.446
262,79.935,25.573,28.121,2.365,91.187
263,79.270,25.414,27.788,2.446,91.251
264,78.638,25.163,28.304,2.324,91.230
265,78.028,25.094,28.372,2.408,91.369
266,77.415,25.230,28.538,2.317,91.593
267,76.850,25.523,28.253,2.328,91.549
268,76.239,25.463,28.356,2.435,91.427
269,75.616,25.268,28.371,2.331,91.353
270,75.026,25.147,28.212,2.254,91.348
271,74.396,25.025,28.184,2.243,91.144
272,73.812,25.042,28.126,2.325,91.164
273,73.253,24.995,28.063,2.318,91.244
274,72.689,25.085,28.108,2.353,91.180
275,72.093,25.037,28.333,2.399,91.302
276,71.484,25.109,28.000,2.362,91.322
277,70.881,25.083,27.752,2.409,91.093
278,70.297,24.931,27.660,2.391,90.905
279,69.696,25.043,27.902,2.331,90.719
280,69.071,24.974,27.888,2.319,90.744
281,68.464,24.716,28.352,2.346,90.769
282,67.877,24.765,28.290,2.389,90.829
283,67.314,24.804,28.232,2.420,90.781
284,66.653,24.814,27.673,2.350,90.905
285,66.037,24.797,27.685,2.428,90.629
286,65.433,24.801,28.026,2.373,90.459
287,64.814,24.767,27.944,2.354,90.424
288,64.179,24.665,28.067,2.356,90.449
289,63.578,24.739,28.302,2.427,90.510
290,62.933,24.638,27.775,2.328,90.701
291,62.294,24.626,27.955,2.418,90.549
292,61.672,24.720,27.992,2.350,90.381
293,61.024,24.632,27.950,2.366,90.485
294,60.397,24.545,28.513,2.422,90.444
295,59.772,24.672,28.044,2.397,90.643
296,59.091,24.488,27.588,2.437,90.587
297,58.484,24.503,27.461,2.395,90.410
298,57.822,24.508,27.728,2.385,90.472
299,57.184,24.588,28.270,2.430,90.375
300,56.558,24.495,27.981,2.390,90.516
301,55.872,24.366,27.873,2.451,90.552
302,55.259,24.494,28.000,2.401,90.442
303,54.615,24.528,27.920,2.382,90.364
304,53.989,24.629,28.458,2.375,90.322
305,53.342,24.434,27.723,2.491,90.264
306,52.664,24.418,27.404,2.493,90.338
307,52.053,24.528,27.704,2.493,90.178
308,51.436,24.372,27.834,2.415,90.195
309,50.817,24.533,28.123,2.456,90.309
310,50.189,24.621,27.722,2.517,90.346
311,49.499,24.482,27.891,2.620,90.344
312,48.888,24.596,27.760,2.514,90.443
313,48.201,24.647,28.263,2.495,90.064
314,47.552,24.596,28.472,2.426,90.167
315,46.962,24.293,28.170,2.465,90.503
316,46.254,24.484,27.884,2.503,90.717
317,45.647,24.550,27.944,2.471,90.568
318,44.958,24.375,28.005,2.401,90.514
319,44.314,24.493,28.089,2.407,90.534
320,43.677,24.319,28.096,2.380,90.747
321,43.011,24.308,27.496,2.458,90.556
322,42.387,24.360,27.895,2.371,90.357
323,41.724,24.294,28.349,2.307,90.349
324,41.107,24.180,28.511,2.397,90.464
325,40.491,24.138,28.082,2.446,90.443
326,39.798,24.271,27.700,2.454,90.468
327,39.169,24.287,28.172,2.374,90.200
328,38.559,24.212,29.039,2.240,90.043
329,37.963,24.375,28.582,2.314,90.021
330,37.347,24.285,28.375,2.395,90.220
331,36.713,24.114,27.893,2.502,90.153
332,36.029,24.224,27.938,2.459,90.284
333,35.407,24.345,27.934,2.355,90.261
334,34.763,24.493,28.633,2.310,90.099
335,34.140,24.397,28.590,2.403,90.290
336,33.482,24.289,27.546,2.335,90.579
337,32.802,24.231,27.354,2.444,90.358
338,32.141,24.215,27.662,2.391,90.332
339,31.481,24.221,27.952,2.418,90.291
340,30.840,24.277,27.508,2.338,90.481
341,30.159,24.114,27.440,2.437,90.546
342,29.505,24.328,27.590,2.437,90.467
343,28.822,24.121,27.917,2.382,90.462
344,28.155,24.326,27.640,2.327,90.715
345,27.478,24.156,27.382,2.455,90.689
346,26.797,24.075,27.615,2.435,90.605
347,26.121,24.046,27.586,2.437,90.644
348,25.449,24.085,28.085,2.355,90.898
349,24.766,24.068,27.461,2.422,90.691
350,24.079,24.100,27.458,2.488,90.752
351,23.386,23.948,27.649,2.392,90.824
352,22.697,24.083,28.105,2.457,90.936
353,22.001,23.956,27.247,2.521,90.954
354,21.324,23.667,27.338,2.539,90.966
355,20.630,23.851,28.240,2.368,91.248
356,19.925,23.921,27.945,2.484,91.025
357,19.230,23.638,27.184,2.540,91.072
358,18.509,23.632,27.957,2.339,91.281
359,17.857,23.893,27.850,2.453,91.183
360,17.141,23.644,27.124,2.519,91.090
361,16.401,23.400,27.764,2.395,91.297
362,15.732,23.654,27.908,2.461,91.368
363,15.042,23.585,27.206,2.525,91.290
364,14.314,23.230,27.363,2.430,91.212
365,13.620,23.346,27.784,2.446,91.426
366,12.930,23.498,27.597,2.516,91.133
367,12.206,23.001,27.317,2.541,91.294
368,11.509,23.047,28.445,2.389,91.297
369,10.814,23.092,27.645,2.485,91.071
370,10.101,22.891,27.344,2.486,90.942
371,9.386,22.622,28.162,2.387,91.110
372,8.713,22.805,27.592,2.476,90.905
373,7.980,22.561,27.233,2.509,90.805
374,7.259,22.706,27.835,2.389,90.865
375,6.573,22.487,28.193,2.475,90.473
376,5.858,22.207,27.471,2.540,90.481
377,5.159,22.164,27.682,2.416,90.521
378,4.460,22.113,27.741,2.503,90.384
379,3.747,22.086,27.258,2.467,90.368
380,3.035,22.229,27.307,2.435,90.221
381,2.301,22.068,27.865,2.439,89.992
382,1.653,21.681,28.303,2.272,89.946
383,0.989,21.625,28.323,2.129,89.914
384,0.575,21.478,28.507,1.384,89.995
385,0.352,20.803,22.038,0.846,90.460
386,179.729,62.945,0.604,0.604,0.000
387,81.695,0.268,0.604,0.604,0.000
388,151.872,0.268,0.604,0.604,0.000
389,152.944,0.268,0.604,0.604,0.000
390,155.801,0.565,3.308,0.994,1.282
391,241.794,0.344,3.346,0.764,174.488
392,248.442,1.054,2.786,1.967,42.819
393,268.480,2.858,9.629,5.085,153.927
394,26.785,1.607,1.390,0.526,135.000
395,29.732,1.339,0.604,0.604,0.000
396,15.268,1.875,0.604,0.604,0.000
397,188.836,2.612,2.555,1.144,0.000
398,114.373,4.553,3.022,0.604,90.000
399,179.959,4.247,2.244,1.140,135.000
400,16.607,4.018,1.209,0.604,0.000
401,40.981,4.018,0.604,0.604,0.000
402,96.159,4.018,0.604,0.604,0.000
403,42.053,5.089,0.604,0.604,0.000
404,158.515,6.268,1.684,1.085,108.435
405,17.946,6.161,0.604,0.604,0.000
406,114.373,7.232,1.813,0.604,90.000
407,10.714,7.500,1.209,1.209,0.000
408,40.981,7.232,0.604,0.604,0.000
409,252.853,8.036,1.390,0.526,45.000
410,135.265,8.303,0.604,0.604,0.000
411,0.268,8.839,0.604,0.604,0.000
412,196.871,9.375,0.604,0.604,0.000
413,237.585,9.375,0.604,0.604,0.000
414,244.549,9.375,0.604,0.604,0.000
415,238.656,9.911,0.604,0.604,0.000
416,271.602,10.178,1.390,0.526,45.000
417,273.745,10.178,1.390,0.526,135.000
418,114.373,10.714,1.209,0.604,90.000
419,244.603,12.053,2.876,1.270,82.063
420,165.265,11.518,0.604,0.604,0.000
421,164.461,12.321,1.390,0.526,135.000
422,0.284,21.469,18.088,0.667,90.051
423,39.307,13.727,1.895,1.542,135.000
424,200.216,18.403,11.639,4.269,140.145
425,163.658,14.196,0.604,0.604,0.000
426,235.710,14.464,1.390,0.526,135.000
427,252.585,14.196,0.604,0.604,0.000
428,267.156,14.518,1.684,1.085,18.435
429,267.457,18.947,9.149,6.390,38.103
430,53.456,15.038,2.225,1.150,171.650
431,57.053,14.732,0.604,0.604,0.000
432,121.873,14.732,0.604,0.604,0.000
433,164.193,15.268,0.604,0.604,0.000
434,181.872,15.268,0.604,0.604,0.000
435,246.156,16.339,0.604,0.604,0.000
436,39.910,16.875,0.604,0.604,0.000
437,53.838,17.143,1.209,0.604,90.000
438,165.265,16.875,0.604,0.604,0.000
439,40.981,17.410,0.604,0.604,0.000
440,163.855,18.848,3.698,1.877,114.039
441,39.374,17.946,0.604,0.604,0.000
442,41.785,18.214,1.390,0.526,45.000
443,204.371,17.946,0.604,0.604,0.000
444,37.231,19.553,0.604,0.604,0.000
445,249.478,19.875,1.684,1.085,18.435
446,28.660,20.625,0.604,0.604,0.000
447,214.634,22.091,5.381,2.581,163.966
448,200.621,21.696,0.604,0.604,0.000
449,253.368,22.973,2.754,1.725,114.572
450,249.294,22.997,1.884,1.358,79.099
451,262.495,22.767,1.209,0.604,0.000
452,270.791,25.780,7.438,3.389,60.360
453,139.551,23.303,0.604,0.604,0.000
454,147.051,23.839,0.604,0.604,0.000
455,261.156,24.107,1.209,0.604,90.000
456,52.767,24.910,0.604,0.604,0.000
457,120.801,24.910,0.604,0.604,0.000
458,249.103,25.178,1.209,1.209,0.000
459,274.013,24.910,0.604,0.604,0.000
460,250.442,25.446,0.604,0.604,0.000
461,106.337,25.982,0.604,0.604,0.000
462,261.156,25.982,0.604,0.604,0.000
463,273.623,27.102,2.922,1.376,103.394
464,150.801,26.517,0.604,0.604,0.000
465,165.479,27.375,1.983,0.921,74.518
466,248.835,26.517,0.604,0.604,0.000
467,51.588,28.312,2.999,2.437,28.382
468,5.701,28.890,1.884,1.358,100.901
469,54.017,29.017,1.267,0.865,135.000
470,178.122,28.660,0.604,0.604,0.000
471,214.014,28.660,0.604,0.604,0.000
472,105.266,29.196,0.604,0.604,0.000
473,271.870,29.732,0.604,0.604,0.000
474,48.143,31.395,3.443,2.017,2.443
475,262.227,30.669,1.465,0.998,0.000
476,0.268,30.803,0.604,0.604,0.000
477,39.910,31.186,1.653,1.547,0.000
478,270.620,32.410,2.404,1.368,103.283
479,7.768,31.874,0.604,0.604,0.000
480,36.160,31.874,0.604,0.604,0.000
481,125.087,31.874,0.604,0.604,0.000
482,187.586,32.767,1.267,0.865,45.000
483,225.800,32.410,0.604,0.604,0.000
484,36.160,32.946,0.604,0.604,0.000
485,48.481,32.946,0.604,0.604,0.000
486,53.838,33.482,0.604,0.604,0.000
487,266.839,34.390,4.103,2.048,12.263
488,47.222,36.189,4.832,2.798,98.037
489,49.553,35.089,0.604,0.604,0.000
490,35.357,35.892,1.390,0.526,45.000
491,112.766,36.160,0.604,0.604,0.000
492,4.553,36.696,0.604,0.604,0.000
493,137.408,36.696,0.604,0.604,0.000
494,42.946,37.589,1.267,0.865,45.000
495,35.624,37.767,0.604,0.604,0.000
496,242.942,40.981,0.604,0.604,0.000
497,244.549,40.981,0.604,0.604,0.000
498,74.909,43.303,1.267,0.865,45.000
499,245.621,43.124,0.604,0.604,0.000
500,240.264,43.660,0.604,0.604,0.000
501,250.174,44.196,1.209,0.604,0.000
502,135.265,44.731,0.604,0.604,0.000
503,137.944,44.731,0.604,0.604,0.000
504,239.422,45.191,2.285,1.119,41.579
505,189.372,45.267,0.604,0.604,0.000
506,51.696,46.071,1.209,0.604,90.000
507,246.960,46.071,1.390,0.526,45.000
508,27.232,46.696,1.267,0.865,135.000
509,39.374,46.338,0.604,0.604,0.000
510,16.875,46.874,0.604,0.604,0.000
511,102.052,47.410,0.604,0.604,0.000
512,134.194,47.410,0.604,0.604,0.000
513,239.406,47.517,1.999,0.914,5.152
514,248.299,47.410,0.604,0.604,0.000
515,247.228,47.946,0.604,0.604,0.000
516,248.656,49.017,1.721,0.637,61.845
517,251.246,48.749,1.390,0.526,45.000
518,254.995,48.481,1.209,0.604,0.000
519,33.749,49.285,1.390,0.526,135.000
520,236.781,49.017,1.209,0.604,0.000
521,246.424,49.017,1.209,0.604,0.000
522,262.692,51.100,9.895,1.662,162.112
523,238.121,49.553,0.604,0.604,0.000
524,247.228,50.088,0.604,0.604,0.000
525,31.874,50.624,0.604,0.604,0.000
526,248.299,50.624,0.604,0.604,0.000
527,32.410,51.696,0.604,0.604,0.000
528,240.799,52.767,0.604,0.604,0.000
529,266.170,54.456,8.031,1.774,12.452
530,12.589,53.303,0.604,0.604,0.000
531,264.906,53.303,0.604,0.604,0.000
532,271.334,53.303,0.604,0.604,0.000
533,274.013,53.303,0.604,0.604,0.000
534,31.874,53.838,0.604,0.604,0.000
535,37.231,54.106,1.209,0.604,90.000
536,126.801,55.017,2.054,0.890,45.000
537,274.013,54.374,0.604,0.604,0.000
538,120.801,54.910,0.604,0.604,0.000
539,130.444,54.910,0.604,0.604,0.000
540,24.375,55.445,0.604,0.604,0.000
541,25.446,55.445,0.604,0.604,0.000
542,79.820,55.981,1.813,1.209,90.000
543,82.231,55.713,1.209,0.604,90.000
544,105.534,55.981,1.209,0.604,0.000
545,160.801,57.053,1.721,0.637,61.845
546,37.231,57.320,1.209,0.604,90.000
547,125.623,57.410,1.721,0.637,28.155
548,155.087,57.231,1.721,0.637,151.845
549,248.299,57.053,0.604,0.604,0.000
550,66.695,57.588,0.604,0.604,0.000
551,67.767,57.588,0.604,0.604,0.000
552,79.552,57.588,0.604,0.604,0.000
553,162.319,57.588,1.209,0.604,0.000
554,24.375,58.392,1.209,0.604,90.000
555,31.874,58.392,1.209,0.604,90.000
556,34.553,58.303,1.721,0.637,151.845
557,154.551,58.124,0.604,0.604,0.000
558,68.302,58.928,1.209,0.604,90.000
559,143.301,58.660,0.604,0.604,0.000
560,249.906,58.660,0.604,0.604,0.000
561,44.999,59.195,1.209,0.604,0.000
562,31.874,59.731,0.604,0.604,0.000
563,19.859,61.032,2.629,0.973,29.608
564,1.161,60.981,1.267,0.865,135.000
565,163.122,60.802,0.604,0.604,0.000
566,264.370,61.740,1.465,0.998,0.000
567,179.729,62.878,2.351,1.243,110.556
568,257.406,61.874,0.604,0.604,0.000
569,32.410,62.410,0.604,0.604,0.000
570,34.285,62.410,1.209,0.604,0.000
571,35.624,62.410,0.604,0.604,0.000
572,46.338,62.945,0.604,0.604,0.000
573,246.893,63.749,1.919,1.523,133.807
574,16.339,63.481,0.604,0.604,0.000
575,77.945,63.481,0.604,0.604,0.000
576,200.621,64.552,1.352,1.352,0.000
577,204.371,64.285,1.209,0.604,90.000
578,260.620,64.017,0.604,0.604,0.000
579,27.678,65.088,1.992,1.101,126.870
580,205.443,65.088,0.604,0.604,0.000
581,207.318,66.160,1.209,0.604,0.000
582,138.123,67.945,1.267,0.865,45.000
583,274.013,68.302,0.604,0.604,0.000
584,2.411,0.268,0.604,0.604,0.000
585,34.553,0.268,0.604,0.604,0.000
586,152.140,0.268,1.209,0.604,0.000
587,154.194,0.625,1.267,0.865,135.000
588,156.604,0.536,2.064,1.062,174.690
589,241.603,0.268,2.418,0.604,0.000
590,248.388,0.848,2.685,1.633,30.654
591,268.329,2.785,9.385,4.906,153.437
592,40.981,0.804,0.604,0.604,0.000
593,26.517,1.339,0.604,0.604,0.000
594,42.053,1.339,0.604,0.604,0.000
595,190.979,1.875,0.604,0.604,0.000
596,42.053,2.679,1.209,0.604,90.000
597,188.955,2.708,2.801,1.174,4.731
598,41.383,4.152,1.923,0.760,135.000
599,114.373,4.286,2.418,0.604,90.000
600,180.175,4.286,1.864,1.176,114.183
601,96.427,4.018,1.209,0.604,0.000
602,103.659,4.018,0.604,0.604,0.000
603,157.765,4.553,0.604,0.604,0.000
604,15.803,5.089,0.604,0.604,0.000
605,39.374,5.089,0.604,0.604,0.000
606,145.444,5.089,0.604,0.604,0.000
607,77.945,6.161,0.604,0.604,0.000
608,147.587,6.161,0.604,0.604,0.000
609,158.301,6.161,0.604,0.604,0.000
610,10.580,7.634,1.710,0.855,71.565
611,114.373,9.375,5.440,0.604,90.000
612,79.552,7.768,0.604,0.604,0.000
613,252.763,8.482,1.267,0.865,45.000
614,135.533,9.107,1.390,0.526,45.000
615,142.497,9.107,1.390,0.526,135.000
616,164.729,8.839,0.604,0.604,0.000
617,250.442,8.839,0.604,0.604,0.000
618,273.745,9.509,1.547,0.945,104.872
619,239.192,9.911,0.604,0.604,0.000
620,244.656,12.000,2.997,1.219,85.203
621,137.944,11.518,0.604,0.604,0.000
622,159.372,11.518,0.604,0.604,0.000
623,274.013,11.518,0.604,0.604,0.000
624,195.264,12.053,0.604,0.604,0.000
625,39.307,13.058,1.895,1.542,45.000
626,114.373,12.589,0.604,0.604,0.000
627,199.014,12.589,0.604,0.604,0.000
628,194.193,13.125,0.604,0.604,0.000
629,200.319,18.335,10.637,4.019,140.592
630,37.767,13.660,0.604,0.604,0.000
631,114.373,14.196,0.604,0.604,0.000
632,235.442,14.196,0.604,0.604,0.000
633,252.585,14.196,0.604,0.604,0.000
634,267.498,18.601,9.261,6.589,43.358
635,39.374,15.000,1.209,0.604,90.000
636,53.456,15.038,2.225,1.150,171.650
637,57.320,14.732,1.209,0.604,0.000
638,164.500,16.109,2.034,1.257,94.065
639,43.660,15.268,0.604,0.604,0.000
640,42.589,15.803,0.604,0.604,0.000
641,58.124,15.803,0.604,0.604,0.000
642,171.693,15.803,0.604,0.604,0.000
643,194.193,15.803,0.604,0.604,0.000
644,40.446,16.339,0.604,0.604,0.000
645,113.837,16.339,0.604,0.604,0.000
646,162.586,16.339,0.604,0.604,0.000
647,53.660,17.053,1.267,0.865,135.000
648,246.156,16.875,0.604,0.604,0.000
649,163.658,18.707,3.964,1.752,143.142
650,41.517,17.946,0.604,0.604,0.000
651,38.303,18.482,0.604,0.604,0.000
652,37.231,19.553,0.604,0.604,0.000
653,249.263,19.768,1.684,1.085,18.435
654,214.718,21.987,5.273,2.425,166.974
655,196.336,21.696,1.813,0.604,0.000
656,253.556,23.002,3.158,1.851,95.140
657,149.194,22.500,1.209,0.604,90.000
658,205.443,22.232,0.604,0.604,0.000
659,249.156,24.017,4.428,1.238,80.288
660,270.772,25.437,7.393,3.015,57.084
661,262.227,22.767,1.813,0.604,0.000
662,53.303,23.303,0.604,0.604,0.000
663,261.156,23.839,0.604,0.604,0.000
664,267.585,24.375,0.604,0.604,0.000
665,273.611,26.618,3.839,1.523,95.769
666,50.624,25.714,1.209,0.604,90.000
667,117.587,25.446,0.604,0.604,0.000
668,250.442,25.446,0.604,0.604,0.000
669,262.227,25.446,0.604,0.604,0.000
670,271.870,25.446,0.604,0.604,0.000
671,52.767,25.982,0.604,0.604,0.000
672,53.838,26.517,0.604,0.604,0.000
673,105.623,26.696,1.267,0.865,135.000
674,150.444,26.696,1.267,0.865,45.000
675,165.051,27.160,1.684,1.085,71.565
676,271.870,26.517,0.604,0.604,0.000
677,51.602,28.451,3.549,2.368,10.675
678,248.835,27.589,0.604,0.604,0.000
679,5.732,28.874,1.684,1.085,161.565
680,163.658,28.660,0.604,0.604,0.000
681,178.122,28.660,0.604,0.604,0.000
682,204.371,28.660,0.604,0.604,0.000
683,54.910,29.196,0.604,0.604,0.000
684,269.459,29.732,1.209,0.604,0.000
685,172.229,30.267,0.604,0.604,0.000
686,262.227,30.535,1.209,0.604,90.000
687,268.120,30.267,0.604,0.604,0.000
688,40.089,31.398,2.099,1.566,20.301
689,48.324,31.339,3.646,1.704,4.250
690,270.799,31.517,1.310,0.836,0.000
691,7.768,31.874,0.604,0.604,0.000
692,35.624,32.053,1.310,0.836,0.000
693,262.763,31.874,1.813,0.604,0.000
694,171.158,32.410,0.604,0.604,0.000
695,187.765,32.678,1.209,0.604,90.000
696,36.964,33.214,1.390,0.526,135.000
697,47.259,35.825,4.816,2.428,76.753
698,51.160,33.482,0.604,0.604,0.000
699,266.979,34.436,4.370,1.923,8.054
700,270.397,33.749,1.547,0.945,165.128
701,49.553,35.089,0.604,0.604,0.000
702,255.263,35.089,0.604,0.604,0.000
703,262.763,35.089,0.604,0.604,0.000
704,222.585,35.624,0.604,0.604,0.000
705,35.089,36.160,0.604,0.604,0.000
706,36.160,36.160,0.604,0.604,0.000
707,36.160,37.231,0.604,0.604,0.000
708,102.587,37.231,0.604,0.604,0.000
709,244.549,37.231,0.604,0.604,0.000
710,43.124,37.767,0.604,0.604,0.000
711,49.017,38.035,1.209,0.604,90.000
712,247.763,38.303,0.604,0.604,0.000
713,121.337,38.839,0.604,0.604,0.000
714,246.692,38.839,0.604,0.604,0.000
715,136.337,39.910,0.604,0.604,0.000
716,243.478,40.981,0.604,0.604,0.000
717,34.553,41.517,0.604,0.604,0.000
718,239.996,42.053,1.209,0.604,0.000
719,74.909,43.303,1.267,0.865,45.000
720,34.553,43.928,1.209,0.604,90.000
721,135.265,44.196,0.604,0.604,0.000
722,239.549,44.850,2.230,1.474,43.093
723,241.871,44.196,0.604,0.604,0.000
724,85.445,44.999,1.209,0.604,90.000
725,34.553,45.267,0.604,0.604,0.000
726,189.104,45.267,1.209,0.604,0.000
727,246.692,45.267,0.604,0.604,0.000
728,264.370,45.267,0.604,0.604,0.000
729,51.696,45.803,0.604,0.604,0.000
730,240.799,45.803,0.604,0.604,0.000
731,39.374,46.338,0.604,0.604,0.000
732,16.875,46.874,0.604,0.604,0.000
733,27.410,47.053,1.267,0.865,135.000
734,103.123,46.874,0.604,0.604,0.000
735,33.482,47.410,0.604,0.604,0.000
736,239.281,47.588,2.214,0.990,12.933
737,133.658,47.946,0.604,0.604,0.000
738,197.943,47.946,0.604,0.604,0.000
739,250.978,47.946,0.604,0.604,0.000
740,13.660,48.481,0.604,0.604,0.000
741,247.763,48.660,1.721,0.637,151.845
742,255.263,48.481,0.604,0.604,0.000
743,33.482,49.017,0.604,0.604,0.000
744,246.156,49.017,0.604,0.604,0.000
745,249.638,49.285,1.390,0.526,45.000
746,250.978,49.017,0.604,0.604,0.000
747,262.178,50.923,9.836,1.597,162.730
748,13.660,50.088,0.604,0.604,0.000
749,31.874,50.356,1.209,0.604,90.000
750,134.194,51.160,0.604,0.604,0.000
751,254.728,52.231,0.604,0.604,0.000
752,32.946,53.570,1.723,0.848,31.717
753,249.906,53.303,0.604,0.604,0.000
754,266.401,54.374,8.872,1.771,12.569
755,274.013,53.570,1.209,0.604,90.000
756,12.589,53.838,0.604,0.604,0.000
757,36.910,54.481,1.888,0.968,117.652
758,11.518,54.374,0.604,0.604,0.000
759,62.410,54.374,0.604,0.604,0.000
760,126.587,55.660,2.957,1.236,77.740
761,217.228,54.374,0.604,0.604,0.000
762,130.444,54.910,0.604,0.604,0.000
763,7.768,55.445,0.604,0.604,0.000
764,24.910,55.445,0.604,0.604,0.000
765,34.017,55.981,1.813,0.604,90.000
766,79.850,56.755,3.024,1.087,89.363
767,82.231,55.713,1.209,0.604,90.000
768,97.230,55.445,0.604,0.604,0.000
769,105.802,55.445,0.604,0.604,0.000
770,196.871,55.445,0.604,0.604,0.000
771,155.087,55.981,0.604,0.604,0.000
772,157.229,55.981,0.604,0.604,0.000
773,24.696,57.588,2.720,0.672,72.857
774,37.499,56.785,1.390,0.526,45.000
775,160.979,56.785,1.723,0.848,31.717
776,248.299,57.053,0.604,0.604,0.000
777,125.087,57.588,0.604,0.604,0.000
778,70.847,58.526,1.710,0.855,161.565
779,143.122,58.481,1.267,0.865,45.000
780,247.763,58.124,0.604,0.604,0.000
781,25.446,58.660,0.604,0.604,0.000
782,31.874,58.928,1.209,0.604,90.000
783,35.357,58.660,1.209,0.604,0.000
784,36.696,58.660,0.604,0.604,0.000
785,47.410,58.660,0.604,0.604,0.000
786,68.302,58.660,0.604,0.604,0.000
787,69.374,58.660,0.604,0.604,0.000
788,162.586,58.660,0.604,0.604,0.000
789,263.299,58.660,0.604,0.604,0.000
790,38.303,59.195,0.604,0.604,0.000
791,125.623,59.463,1.209,0.604,90.000
792,136.873,59.195,0.604,0.604,0.000
793,31.607,60.535,1.390,0.526,135.000
794,1.071,60.802,1.209,0.604,0.000
795,19.859,61.109,2.706,0.945,23.296
796,240.264,61.338,0.604,0.604,0.000
797,264.638,61.606,1.209,1.209,0.000
798,36.160,61.874,0.604,0.604,0.000
799,257.406,61.874,0.604,0.604,0.000
800,35.089,62.410,0.604,0.604,0.000
801,179.640,62.856,1.682,1.303,135.000
802,247.027,63.682,2.003,1.459,91.788
803,60.802,63.481,0.604,0.604,0.000
804,77.945,63.481,0.604,0.604,0.000
805,205.137,64.705,2.733,0.936,139.545
806,27.723,65.222,1.710,0.855,108.435
807,200.729,64.767,1.684,1.085,161.565
808,124.551,65.088,0.604,0.604,0.000
809,29.553,66.160,1.310,0.836,90.000
810,162.586,65.624,0.604,0.604,0.000
811,137.944,67.767,0.604,0.604,0.000
812,160.979,67.767,0.604,0.604,0.000
813,164.729,67.767,0.604,0.604,0.000
814,20.089,68.302,0.604,0.604,0.000
815,29.196,68.302,0.604,0.604,0.000
816,19.018,68.838,0.604,0.604,0.000
817,2.679,0.268,1.209,0.604,0.000
818,40.981,0.268,0.604,0.604,0.000
819,132.051,0.268,0.604,0.604,0.000
820,135.265,0.268,0.604,0.604,0.000
821,151.872,0.268,0.604,0.604,0.000
822,152.944,0.268,0.604,0.604,0.000
823,156.694,0.536,1.723,0.848,148.283
824,241.067,0.268,2.418,0.604,0.000
825,242.942,0.268,0.604,0.604,0.000
826,248.423,0.804,2.450,1.939,163.810
827,268.199,2.868,9.738,5.103,154.679
828,155.087,0.804,0.604,0.604,0.000
829,257.942,0.804,0.604,0.604,0.000
830,26.785,1.339,1.209,0.604,0.000
831,14.732,2.411,0.604,0.604,0.000
832,188.989,2.640,2.225,1.150,8.350
833,247.228,2.411,0.604,0.604,0.000
834,114.373,4.286,2.418,0.604,90.000
835,16.607,4.018,1.209,0.604,0.000
836,40.981,4.018,0.604,0.604,0.000
837,96.427,4.018,1.209,0.604,0.000
838,179.997,4.286,2.136,1.026,161.565
839,20.625,4.553,0.604,0.604,0.000
840,15.803,5.089,0.604,0.604,0.000
841,145.444,5.089,0.604,0.604,0.000
842,158.301,5.625,0.604,0.604,0.000
843,114.373,6.161,0.604,0.604,0.000
844,40.981,6.696,0.604,0.604,0.000
845,10.714,7.500,1.209,1.209,0.000
846,63.481,7.768,0.604,0.604,0.000
847,114.373,7.768,0.604,0.604,0.000
848,250.442,7.768,0.604,0.604,0.000
849,252.674,8.750,2.182,1.005,62.609
850,27.589,8.303,0.604,0.604,0.000
851,114.373,10.178,3.627,0.604,90.000
852,135.265,9.107,1.209,0.604,90.000
853,244.763,10.232,1.849,0.988,87.145
854,268.656,9.375,0.604,0.604,0.000
855,273.656,9.553,1.267,0.865,45.000
856,239.192,9.911,0.604,0.604,0.000
857,137.944,11.518,0.604,0.604,0.000
858,274.013,11.518,0.604,0.604,0.000
859,163.836,12.232,1.267,0.865,45.000
860,39.179,13.514,2.485,1.618,126.449
861,200.348,18.420,11.215,4.529,143.111
862,196.871,12.589,0.604,0.604,0.000
863,244.549,13.035,1.992,1.101,36.870
864,160.979,13.660,0.604,0.604,0.000
865,166.872,14.196,0.604,0.604,0.000
866,235.621,14.375,1.267,0.865,45.000
867,252.585,14.196,0.604,0.604,0.000
868,267.317,14.464,2.418,1.209,0.000
869,267.507,18.784,9.469,6.367,39.171
870,53.456,15.038,2.225,1.150,171.650
871,57.053,14.732,0.604,0.604,0.000
872,114.373,15.268,0.604,0.604,0.000
873,164.193,15.803,0.604,0.604,0.000
874,163.607,18.660,3.414,2.248,125.567
875,165.265,16.339,0.604,0.604,0.000
876,245.621,16.607,1.209,0.604,90.000
877,53.660,17.053,1.267,0.865,135.000
878,164.193,16.875,0.604,0.604,0.000
879,39.106,17.678,1.390,0.526,45.000
880,252.049,17.410,0.604,0.604,0.000
881,249.103,19.821,1.209,1.209,0.000
882,251.513,19.553,0.604,0.604,0.000
883,164.997,20.625,1.209,0.604,0.000
884,214.497,21.997,5.477,2.735,173.679
885,196.604,21.428,1.390,0.526,135.000
886,253.388,22.968,2.752,2.124,90.000
887,163.658,22.232,0.604,0.604,0.000
888,249.371,22.767,1.520,0.961,45.000
889,271.030,26.011,7.700,5.173,59.859
890,54.374,22.767,0.604,0.604,0.000
891,149.194,22.767,0.604,0.604,0.000
892,262.495,23.035,1.390,0.526,45.000
893,263.835,22.767,0.604,0.604,0.000
894,261.156,23.303,0.604,0.604,0.000
895,264.370,23.839,0.604,0.604,0.000
896,54.910,24.375,0.604,0.604,0.000
897,248.835,24.642,1.209,0.604,90.000
898,105.802,24.910,0.604,0.604,0.000
899,50.624,25.446,0.604,0.604,0.000
900,51.696,25.446,0.604,0.604,0.000
901,250.442,25.446,0.604,0.604,0.000
902,262.227,25.446,0.604,0.604,0.000
903,267.049,25.446,0.604,0.604,0.000
904,51.902,28.042,3.479,2.731,28.877
905,245.085,25.982,0.604,0.604,0.000
906,134.730,26.517,0.604,0.604,0.000
907,150.533,26.517,1.209,0.604,0.000
908,165.265,27.455,1.465,0.998,0.000
909,148.122,27.589,0.604,0.604,0.000
910,262.763,27.589,0.604,0.604,0.000
911,5.714,28.749,1.682,1.303,135.000
912,55.445,28.124,0.604,0.604,0.000
913,27.053,28.660,0.604,0.604,0.000
914,44.463,28.928,1.390,0.526,135.000
915,48.481,28.660,0.604,0.604,0.000
916,255.263,28.660,0.604,0.604,0.000
917,56.249,29.464,1.390,0.526,45.000
918,177.586,29.196,0.604,0.604,0.000
919,48.355,31.339,3.310,1.876,164.953
920,262.381,30.497,2.225,1.150,8.350
921,39.910,31.339,2.021,1.266,45.000
922,80.624,31.339,0.604,0.604,0.000
923,145.980,31.339,0.604,0.604,0.000
924,263.299,31.785,2.232,0.982,19.968
925,270.650,32.678,2.918,2.254,77.410
926,187.497,32.678,1.209,1.209,0.000
927,36.160,32.946,0.604,0.604,0.000
928,136.873,32.946,0.604,0.604,0.000
929,170.086,32.946,0.604,0.604,0.000
930,51.160,33.482,0.604,0.604,0.000
931,145.444,33.482,0.604,0.604,0.000
932,266.870,34.553,4.398,1.994,5.823
933,47.012,36.039,4.459,2.540,88.931
934,124.551,34.017,0.604,0.604,0.000
935,224.728,34.553,0.604,0.604,0.000
936,5.625,35.624,0.604,0.604,0.000
937,4.553,36.160,0.604,0.604,0.000
938,36.428,36.160,1.209,0.604,0.000
939,142.230,36.696,0.604,0.604,0.000
940,42.856,37.767,1.209,0.604,0.000
941,33.482,38.303,0.604,0.604,0.000
942,239.728,38.303,0.604,0.604,0.000
943,35.357,39.106,1.390,0.526,135.000
944,47.410,39.374,0.604,0.604,0.000
945,136.873,42.053,0.604,0.604,0.000
946,75.088,43.303,1.267,0.865,135.000
947,135.265,44.196,0.604,0.604,0.000
948,239.728,44.808,2.313,1.106,41.740
949,34.553,44.731,0.604,0.604,0.000
950,85.445,45.267,0.604,0.604,0.000
951,247.049,45.446,1.267,0.865,135.000
952,248.299,45.267,0.604,0.604,0.000
953,27.053,46.338,0.604,0.604,0.000
954,39.374,46.338,0.604,0.604,0.000
955,103.123,46.338,0.604,0.604,0.000
956,16.875,46.874,0.604,0.604,0.000
957,103.123,47.410,0.604,0.604,0.000
958,239.281,47.588,2.214,0.990,12.933
959,38.303,47.946,0.604,0.604,0.000
960,246.156,47.946,0.604,0.604,0.000
961,250.978,48.213,1.209,0.604,90.000
962,255.085,48.303,1.267,0.865,45.000
963,15.268,48.481,0.604,0.604,0.000
964,262.168,50.957,9.705,1.694,162.948
965,237.049,49.017,0.604,0.604,0.000
966,246.692,49.017,0.604,0.604,0.000
967,32.410,49.910,1.721,0.637,28.155
968,12.857,50.088,1.209,0.604,0.000
969,247.496,50.892,1.390,0.526,135.000
970,32.946,51.160,0.604,0.604,0.000
971,49.553,52.231,0.604,0.604,0.000
972,133.658,52.231,0.604,0.604,0.000
973,164.729,52.767,0.604,0.604,0.000
974,268.656,52.767,0.604,0.604,0.000
975,33.482,54.017,1.310,0.836,0.000
976,36.964,53.838,1.209,0.604,0.000
977,126.388,54.986,1.989,1.286,112.500
978,266.037,54.493,8.556,1.537,9.083
979,67.231,54.374,0.604,0.604,0.000
980,196.336,54.374,0.604,0.604,0.000
981,122.944,54.910,0.604,0.604,0.000
982,124.016,54.910,0.604,0.604,0.000
983,130.444,54.910,0.604,0.604,0.000
984,24.910,55.445,0.604,0.604,0.000
985,80.021,56.182,2.150,1.360,111.766
986,82.231,55.624,1.310,0.836,0.000
987,105.980,55.981,1.721,0.637,61.845
988,34.017,55.981,0.604,0.604,0.000
989,137.944,55.981,0.604,0.604,0.000
990,240.264,55.981,0.604,0.604,0.000
991,71.517,56.517,0.604,0.604,0.000
992,24.910,57.053,0.604,0.604,0.000
993,125.623,57.410,1.721,0.637,28.155
994,160.903,57.435,2.489,1.027,175.692
995,163.122,57.053,0.604,0.604,0.000
996,248.121,57.588,1.721,0.637,61.845
997,29.196,57.588,0.604,0.604,0.000
998,129.908,57.588,0.604,0.604,0.000
999,245.085,57.588,0.604,0.604,0.000
1000,24.375,58.124,0.604,0.604,0.000
1001,66.695,58.124,0.604,0.604,0.000
1002,69.374,58.124,0.604,0.604,0.000
1003,79.552,58.124,0.604,0.604,0.000
1004,154.551,58.124,0.604,0.604,0.000
1005,34.821,58.660,1.209,0.604,0.000
1006,48.481,58.660,0.604,0.604,0.000
1007,68.302,58.660,0.604,0.604,0.000
1008,80.891,58.660,1.209,0.604,0.000
1009,143.033,58.660,1.209,0.604,0.000
1010,45.267,59.195,0.604,0.604,0.000
1011,69.909,59.731,0.604,0.604,0.000
1012,16.875,60.267,0.604,0.604,0.000
1013,19.630,61.032,2.113,1.210,40.269
1014,21.696,60.267,0.604,0.604,0.000
1015,30.803,60.267,0.604,0.604,0.000
1016,146.515,60.267,0.604,0.604,0.000
1017,1.071,60.802,1.209,0.604,0.000
1018,205.978,61.338,0.604,0.604,0.000
1019,239.728,61.338,0.604,0.604,0.000
1020,264.549,61.517,1.267,0.865,45.000
1021,31.874,61.874,0.604,0.604,0.000
1022,118.123,61.874,0.604,0.604,0.000
1023,179.729,62.677,1.869,1.564,90.000
1024,257.406,61.874,0.604,0.604,0.000
1025,34.017,62.410,0.604,0.604,0.000
1026,265.977,62.410,0.604,0.604,0.000
1027,30.803,62.945,0.604,0.604,0.000
1028,247.049,63.660,1.869,1.173,135.000
1029,16.875,63.481,0.604,0.604,0.000
1030,77.945,63.481,0.604,0.604,0.000
1031,205.086,64.731,4.079,0.806,142.018
1032,166.872,64.017,0.604,0.604,0.000
1033,188.300,64.017,0.604,0.604,0.000
1034,27.803,65.195,1.684,1.085,108.435
1035,200.621,64.552,1.813,0.604,0.000
1036,162.586,65.088,0.604,0.604,0.000
1037,48.481,65.624,0.604,0.604,0.000
1038,17.143,68.570,1.390,0.526,135.000
1039,112.230,68.302,0.604,0.604,0.000
1040,18.482,68.838,0.604,0.604,0.000
1041,179.193,68.838,0.604,0.604,0.000
1042,2.946,0.268,0.604,0.604,0.000
1043,37.767,0.268,0.604,0.604,0.000
1044,41.410,0.589,1.684,1.085,161.565
1045,57.588,0.268,0.604,0.604,0.000
1046,151.872,0.268,0.604,0.604,0.000
1047,156.694,0.536,1.723,0.848,31.717
1048,223.121,0.268,0.604,0.604,0.000
1049,241.067,0.268,1.209,0.604,0.000
1050,242.674,0.268,1.209,0.604,0.000
1051,248.266,1.071,3.207,1.823,35.842
1052,256.870,0.268,0.604,0.604,0.000
1053,258.656,0.804,1.721,0.637,61.845
1054,268.176,2.715,9.183,4.974,155.679
1055,27.589,1.339,0.604,0.604,0.000
1056,28.660,1.339,0.604,0.604,0.000
1057,11.518,1.875,0.604,0.604,0.000
1058,16.875,1.875,0.604,0.604,0.000
1059,42.321,2.143,1.390,0.526,45.000
1060,188.836,2.679,3.022,1.209,0.000
1061,16.339,2.946,0.604,0.604,0.000
1062,75.802,2.946,0.604,0.604,0.000
1063,157.229,2.946,0.604,0.604,0.000
1064,40.981,3.482,0.604,0.604,0.000
1065,96.159,3.482,0.604,0.604,0.000
1066,114.480,4.232,1.999,0.914,84.848
1067,180.064,4.286,1.919,1.523,133.807
1068,16.607,4.018,1.209,0.604,0.000
1069,41.249,4.821,1.390,0.526,135.000
1070,164.193,4.553,0.604,0.604,0.000
1071,15.803,5.089,0.604,0.604,0.000
1072,158.569,5.625,1.723,0.848,121.717
1073,41.517,6.964,1.209,0.604,90.000
1074,114.373,6.696,0.604,0.604,0.000
1075,10.714,7.500,1.209,1.209,0.000
1076,114.432,10.208,4.107,0.801,90.616
1077,141.158,8.303,0.604,0.604,0.000
1078,252.585,8.571,1.723,0.848,31.717
1079,141.694,9.375,0.604,0.604,0.000
1080,238.389,9.643,1.390,0.526,45.000
1081,273.812,10.446,3.162,0.924,97.586
1082,244.626,12.053,3.543,1.444,83.030
1083,61.338,10.982,0.604,0.604,0.000
1084,137.944,11.250,1.209,0.604,90.000
1085,197.407,10.982,0.604,0.604,0.000
1086,247.763,10.982,0.604,0.604,0.000
1087,160.444,11.518,0.604,0.604,0.000
1088,162.586,12.053,0.604,0.604,0.000
1089,39.451,13.354,1.844,1.387,127.372
1090,200.178,18.546,9.817,4.318,140.023
1091,163.122,13.125,0.604,0.604,0.000
1092,197.943,13.660,0.604,0.604,0.000
1093,164.193,14.196,0.604,0.604,0.000
1094,235.621,14.553,1.267,0.865,135.000
1095,252.585,14.196,0.604,0.604,0.000
1096,267.125,14.579,2.212,1.156,22.500
1097,268.426,20.962,11.268,7.264,105.713
1098,53.456,15.038,2.225,1.150,171.650
1099,193.657,14.732,0.604,0.604,0.000
1100,244.728,14.910,1.267,0.865,45.000
1101,69.909,15.803,0.604,0.604,0.000
1102,163.879,18.297,3.824,2.771,116.195
1103,38.839,16.339,0.604,0.604,0.000
1104,165.801,16.339,0.604,0.604,0.000
1105,53.660,17.053,1.267,0.865,135.000
1106,74.731,16.875,0.604,0.604,0.000
1107,182.407,16.875,0.604,0.604,0.000
1108,195.264,16.875,0.604,0.604,0.000
1109,245.621,16.875,0.604,0.604,0.000
1110,167.943,17.410,0.604,0.604,0.000
1111,40.446,17.946,0.604,0.604,0.000
1112,41.517,17.946,0.604,0.604,0.000
1113,249.371,19.955,1.465,0.998,0.000
1114,214.366,22.006,5.509,2.520,173.166
1115,164.729,21.160,0.604,0.604,0.000
1116,253.329,22.857,2.911,2.260,100.862
1117,205.443,22.232,0.604,0.604,0.000
1118,249.147,23.750,3.387,1.295,79.228
1119,149.194,22.767,0.604,0.604,0.000
1120,33.482,24.910,0.604,0.604,0.000
1121,261.156,25.446,0.604,0.604,0.000
1122,267.049,25.446,0.604,0.604,0.000
1123,271.870,25.714,1.209,0.604,90.000
1124,273.642,27.177,3.168,1.499,99.440
1125,52.767,25.982,0.604,0.604,0.000
1126,150.444,26.339,1.267,0.865,135.000
1127,250.174,25.982,1.209,0.604,0.000
1128,49.553,26.517,0.604,0.604,0.000
1129,164.193,26.517,0.604,0.604,0.000
1130,51.517,28.504,3.432,2.555,9.675
1131,165.724,27.742,1.879,1.362,149.527
1132,53.838,27.589,0.604,0.604,0.000
1133,75.267,27.589,0.604,0.604,0.000
1134,141.158,27.589,0.604,0.604,0.000
1135,5.625,28.928,1.916,1.144,104.872
1136,152.408,28.124,0.604,0.604,0.000
1137,1.339,29.196,0.604,0.604,0.000
1138,272.942,29.732,0.604,0.604,0.000
1139,48.124,31.368,3.256,2.020,166.883
1140,262.227,30.669,1.465,0.998,0.000
1141,33.482,30.803,0.604,0.604,0.000
1142,39.910,31.339,2.021,1.266,45.000
1143,7.768,32.142,1.209,0.604,90.000
1144,34.017,31.874,0.604,0.604,0.000
1145,36.160,31.874,0.604,0.604,0.000
1146,51.160,31.874,0.604,0.604,0.000
1147,125.087,31.874,0.604,0.604,0.000
1148,146.247,32.142,1.390,0.526,135.000
1149,251.513,31.874,0.604,0.604,0.000
1150,263.299,31.874,0.604,0.604,0.000
1151,270.531,32.410,1.813,1.209,90.000
1152,187.497,32.678,1.209,1.209,0.000
1153,46.955,36.014,4.691,2.570,97.046
1154,51.160,33.749,1.209,0.604,90.000
1155,53.838,33.482,0.604,0.604,0.000
1156,266.998,34.425,3.950,1.942,11.143
1157,49.017,34.017,0.604,0.604,0.000
1158,124.551,34.017,0.604,0.604,0.000
1159,270.799,34.017,0.604,0.604,0.000
1160,100.177,34.821,1.390,0.526,135.000
1161,49.285,35.089,1.209,0.604,0.000
1162,58.124,35.089,0.604,0.604,0.000
1163,61.338,35.089,0.604,0.604,0.000
1164,4.286,36.428,1.390,0.526,135.000
1165,35.267,36.696,1.721,0.637,118.155
1166,36.696,36.160,0.604,0.604,0.000
1167,254.728,36.696,0.604,0.604,0.000
1168,42.856,37.767,1.209,0.604,0.000
1169,35.089,39.106,1.209,0.604,90.000
1170,46.338,40.446,0.604,0.604,0.000
1171,148.658,41.517,0.604,0.604,0.000
1172,136.873,42.589,0.604,0.604,0.000
1173,35.089,43.124,0.604,0.604,0.000
1174,74.999,43.392,1.209,1.209,0.000
1175,225.264,43.124,0.604,0.604,0.000
1176,239.728,44.892,2.093,1.746,0.000
1177,246.156,44.196,0.604,0.604,0.000
1178,124.551,44.731,0.604,0.604,0.000
1179,34.553,45.267,0.604,0.604,0.000
1180,85.445,45.267,0.604,0.604,0.000
1181,188.836,45.535,1.209,0.604,90.000
1182,19.553,45.803,0.604,0.604,0.000
1183,51.696,45.803,0.604,0.604,0.000
1184,27.053,46.606,1.209,0.604,90.000
1185,39.374,46.338,0.604,0.604,0.000
1186,16.875,46.874,0.604,0.604,0.000
1187,245.621,46.874,0.604,0.604,0.000
1188,239.406,47.517,1.999,0.914,5.152
1189,254.192,47.410,0.604,0.604,0.000
1190,33.214,47.946,1.209,0.604,0.000
1191,34.553,47.946,0.604,0.604,0.000
1192,38.303,47.946,0.604,0.604,0.000
1193,250.799,48.303,1.267,0.865,45.000
1194,9.375,48.481,0.604,0.604,0.000
1195,11.518,48.481,0.604,0.604,0.000
1196,247.763,48.749,1.209,0.604,90.000
1197,254.728,48.481,0.604,0.604,0.000
1198,263.908,52.365,9.451,3.093,153.951
1199,137.676,49.285,1.390,0.526,135.000
1200,197.943,49.017,0.604,0.604,0.000
1201,246.692,49.017,0.604,0.604,0.000
1202,133.123,49.553,0.604,0.604,0.000
1203,12.589,50.088,0.604,0.604,0.000
1204,31.696,50.267,1.267,0.865,135.000
1205,115.444,50.088,0.604,0.604,0.000
1206,133.658,50.624,0.604,0.604,0.000
1207,273.477,50.624,0.604,0.604,0.000
1208,125.087,51.696,0.604,0.604,0.000
1209,248.299,51.696,0.604,0.604,0.000
1210,251.781,52.767,1.209,0.604,0.000
1211,195.264,53.303,0.604,0.604,0.000
1212,32.678,54.106,1.390,0.526,45.000
1213,37.231,53.838,0.604,0.604,0.000
1214,24.910,54.374,0.604,0.604,0.000
1215,31.339,54.374,0.604,0.604,0.000
1216,217.228,54.374,0.604,0.604,0.000
1217,274.013,54.374,0.604,0.604,0.000
1218,126.465,55.522,2.285,1.119,41.579
1219,24.910,55.445,0.604,0.604,0.000
1220,31.339,55.445,0.604,0.604,0.000
1221,36.696,55.445,0.604,0.604,0.000
1222,79.766,56.624,2.554,1.431,85.935
1223,81.695,55.713,1.209,0.604,90.000
1224,105.909,55.660,2.104,0.868,13.283
1225,113.837,55.445,0.604,0.604,0.000
1226,128.837,55.445,0.604,0.604,0.000
1227,33.749,55.981,1.209,0.604,0.000
1228,89.731,55.981,0.604,0.604,0.000
1229,240.264,55.981,0.604,0.604,0.000
1230,266.513,55.981,0.604,0.604,0.000
1231,24.910,56.517,0.604,0.604,0.000
1232,157.229,56.517,0.604,0.604,0.000
1233,158.301,56.517,0.604,0.604,0.000
1234,244.549,56.517,0.604,0.604,0.000
1235,126.158,57.186,1.465,0.998,0.000
1236,159.908,57.053,0.604,0.604,0.000
1237,160.979,57.053,0.604,0.604,0.000
1238,162.229,57.410,1.267,0.865,135.000
1239,248.299,57.320,1.209,0.604,90.000
1240,24.375,58.392,2.418,0.604,90.000
1241,37.231,57.588,0.604,0.604,0.000
1242,31.874,58.124,0.604,0.604,0.000
1243,247.228,58.124,0.604,0.604,0.000
1244,35.624,58.660,1.813,0.604,0.000
1245,70.445,58.660,0.604,0.604,0.000
1246,80.088,58.660,0.604,0.604,0.000
1247,143.033,58.660,1.209,0.604,0.000
1248,262.763,58.660,0.604,0.604,0.000
1249,39.374,59.195,0.604,0.604,0.000
1250,126.158,59.731,0.604,0.604,0.000
1251,19.393,61.338,3.512,1.041,43.497
1252,30.937,60.669,1.710,0.855,71.565
1253,1.071,60.802,1.209,0.604,0.000
1254,7.232,60.802,0.604,0.604,0.000
1255,264.638,61.606,1.209,1.209,0.000
1256,117.587,61.874,0.604,0.604,0.000
1257,257.406,61.874,0.604,0.604,0.000
1258,31.874,62.410,0.604,0.604,0.000
1259,179.729,63.022,2.183,1.172,122.268
1260,77.945,63.213,1.209,0.604,90.000
1261,247.075,63.558,1.879,1.362,120.473
1262,16.607,63.481,1.209,0.604,0.000
1263,204.193,63.838,1.267,0.865,45.000
1264,27.803,65.195,1.684,1.085,108.435
1265,200.729,64.767,1.684,1.085,161.565
1266,78.481,65.356,1.209,0.604,90.000
1267,161.515,65.088,0.604,0.604,0.000
1268,162.586,65.088,0.604,0.604,0.000
1269,206.514,65.731,2.851,0.641,152.877
1270,48.481,65.624,0.604,0.604,0.000
1271,99.373,65.624,0.604,0.604,0.000
1272,87.588,67.767,0.604,0.604,0.000
1273,138.212,67.767,1.209,0.604,0.000
1274,17.410,68.302,0.604,0.604,0.000
1275,179.193,68.838,0.604,0.604,0.000
1276,267.049,68.838,0.604,0.604,0.000
